1,"耐用度：pbt键帽耐磨，不易掉色
舒适度：冰淇淋轴手感丝滑，流畅
操作难度：键程短，反应快，声音小
外观颜值：海盐蓝紫白配色，非常好看很喜欢
响应速度：键盘响应很快，无线与有线几乎无差别",预售V98Pro Box冰淇淋轴Pro 海盐
2,"耐用度：pbt键帽，凯华轴，应该耐用可以；

舒适度：冰淇淋轴，手感不错，大键卫星轴应该还是第一梯队的；

操作难度：键帽高度合适，接触面大，轴体回弹适中；

外观颜值：蓝紫配色，小清新，非常好看，有rgb灯效；

响应速度：反应很快，2.4g与有线反应速度差不多，有2.4g收纳槽好评，用起来很顺手

赠品:预售赠了个空格键帽，还有3个轴，一个拆卸器还有一根 type - C usb 的数据线

总结:VGN98PRO在这个价位确实不错，值得推荐。",预售V98Pro Box冰淇淋轴Pro 海盐
3,"第一次买这么贵的键盘，体验还不错，冰淇淋轴Pro敲起来好舒服。
外观颜值：看起来好舒服，这颜色真的让人感到暖心

操作难度：敲击感很好，但我第一用3模键盘，不会连2.4G模式和蓝牙模式。

响应速度：响应速度很快

耐用度：我希望可以用两年",预售V98Pro Box冰淇淋轴Pro 海盐
4,"颜值爆表 键盘上手舒服 配色也好好看 几乎没有声音
舒适度：简直完美  打字速度都提升了
操作难度：简洁 简单
外观颜值：超级喜欢 朋友也说很好看 已经推荐给朋友了",预售V98Pro 蒸汽波轴Pro 黑加仑
5,"外观颜值：外观和宣传一样很好
响应速度：响应舒服不错，真实1000回报，三模稳定，休眠还没体验
舒适度：轴体厂润可以，键帽合适，等待适应
整体是一把非常不错的键盘，box冰淇淋pro厂润好评，触发也很快，整体的颜值也很高，RGB灯光可以，模式挺多的，比较硬的gasket结构，三模连接切换方便，键盘内部的填充也是做得不错，价格也很到位，赠品也有，期待后续。
总而言之，有些小的瑕疵，还有很多可以改善的细节，但是瑕不掩瑜，这个键盘还是非常值得购买的，比较推荐，2022年卷王??",预售V98Pro Box冰淇淋轴Pro 海盐
6,"收到货十分的惊喜。比预期的还要好。
耐用度：感觉十分耐用。
舒适度：无论是力度，还是声音都十分舒适。
操作难度：跟着说明书一下子就搞定了，很简单。
外观颜值：我只能说颜值yyds冰淇淋是真的好好看呀。
响应速度：那是相当的快。",预售V98Pro Box冰淇淋轴Pro 海盐
7,"键盘很好是我使用过最好的键盘
耐用度：好
舒适度：好
操作难度：简单
外观颜值：美
响应速度：快，无延迟",预售V98Pro Box冰淇淋轴Pro 海盐
8,限定色 果然不错 没选错 整体做工也不错 按键声音满意 屋子里比较空录音不是很准 实际音效是很不错了 再使用一段时间看看吧 目前很满意 不错不错！,预售V98Pro Box冰淇淋轴Pro努巴尼源限定
9,"舒适度：按键力度、键帽手感等等都很舒服
操作难度：冰淇淋轴体无论是按压力度还是按键声音都非常棒
外观颜值：颜值看图，各种灯光除了可以fn组合键调整，还有更方便的电脑端软件一键设置
响应速度：无任何延迟

其他方面看视频和图片吧，这个价位，无脑冲就对了！
补充：续航方面尤为出色",预售V98Pro Box冰淇淋轴Pro 海盐
10,"外观颜值：黑加仑配色第一眼就戳中了我的心，太好看了
响应速度：无线有1000hz的回报率，很爽
冰淇淋轴软的同时也有不错的回弹，很舒服
键盘到手就能用，大键一致性很好，键帽高度也很适合我",预售V98Pro Box冰淇淋轴Pro 黑加仑
1,一次非常满意的键盘体验。打字：特别好用，耐用度：非常好 舒适度：键盘润滑很舒服，很好用 操作难度:键程短，反馈快，打字声音小。人体工学设计，打字不累 外观颜值：海盐蓝紫配色，小清新，非常好看。rgb灯光很好看 响应速度：反应很快，2.4g与有线反应速度差不多，用起来很顺手，希望国产键盘越来越好。,预售V98Pro Box冰淇淋轴Pro 海盐
2,收到货，第一时间拆包装，感觉质量还是很不错的，键帽润滑很舒适，响应速度也很快，而且轴也进行了厂润，8000毫安电池+凯华冰淇淋Pro+三模rgb+98键等等，399能拿到这些性价比确实还可以，总的来说这次是很满意的一次购物。,预售V98Pro Box冰淇淋轴Pro 海盐
3,"舒适度：第一支机械键盘，非常满意，拿着就感觉用料很扎实
操作难度：简单，小白入手很实用
外观颜值：外观颜值：个人喜欢黑加仑，是真的耐看，夜灯模式很丰富
响应速度：2.4G零延迟，游戏党也可以
除了预售等货有点煎熬，别的不说键盘性价比很高，感觉很耐用，应该能用好几年了哈哈哈，推荐购买",预售V98Pro 蒸汽波轴Pro 黑加仑
4,"耐用度：等了23天刚收到，键盘重量可以！
舒适度：舒适度没话说，键盘按起来非常舒服！
操作难度：比常规大键盘要小，需要适应几天！
外观颜值：颜值没话说，奔着颜值买的，三模给力
响应速度：速度我打字做设计够用，不打游戏没测试！
新配的电脑键盘总不能太差，选了好久最终预售时候选了这款，等了20多天终于到了，没让我失望！估计在盘他几天能更顺滑！打起字非常舒服，按上去柔柔的感觉！希望客服这一款能及时回复，企业能保持良心输出蒸蒸日上！",预售V98Pro Box冰淇淋轴Pro 黑加仑
5,"挺好用的
舒适度：满分，触感很好。

操作难度：说明书很详细
外观颜值：很好看
耐用度：寿命应该也可以
响应速度：1000回报率，2.4g也没有延迟。
性价比方面真的无敌，轴也很好。",预售V98Pro Box冰淇淋轴Pro 海盐
6,"等了半个月，很符合预期，好用就完事了。
耐用度：8000毫安的电池 续航yyds
舒适度：冰淇淋轴体，声音很小，键程短，反馈快。
外观颜值：海盐冰淇淋很小清新，非常好看，rgb可调模式非常多，而且可以自定义。
响应速度：1000hz报告率，打游戏无线跟有线没区别
操作难度：上手即用，官网下载驱动可进行自定义按键。",预售V98Pro Box冰淇淋轴Pro 海盐
7,键盘手感很不错  但是包装盒真的稀碎希望能有改进一下,预售V98Pro Box冰淇淋轴Pro 海盐
8,"买回来就非常喜欢啊阿啊，就冲性价比去的颜色买的黑加伦的比较喜欢黑粉
耐用度：非常耐用哦，就是打字玩游戏非常舒服很省心，整体情况很软，很nice
舒适度：打字很舒服，玩游戏按的不会疲劳，舒服度是顶级，冰淇淋轴特点
操作难度：操作起来就是容易，按到哪里就会有很快的反馈，比较容易使用
外观颜值：外观非常好看黑加伦的风格。然后有不同的rgb模式非常美丽，外形也很别致
响应速度：响应速度很快啊，轴承短，按下去就会给予反馈，三模速度差不多整体使用情况就是用买了非常喜欢来形容对比了很多键盘",预售V98Pro Box冰淇淋轴Pro 黑加仑
9,"历经20天终于到手，整体给好评吧。键帽有一些毛刺很轻微。
外观颜值：海盐的颜色清新雅致。
舒适度：没用过其他的机械键盘，这个手感轻巧，声音很清脆，所谓的麻将音？
附带的充电线超级粗。",预售V98Pro Box冰淇淋轴Pro 海盐
10,"好用就完事了:很好很好非常好舒适度:键盘润滑很舒服，很好用操作难度:键程短，反馈快，打字声音小。人体工学设计，打字不累外观颜值:蓝紫配色，小清新，非常好看。rgb灯光很好看响应速度:反应很快，2.4g与有线反应速度差不多,用起来很顺手",预售V98Pro Box冰淇淋轴Pro 黑加仑
1,真的特别好用，耐用度:很好很好非常好 舒适度:键盘润滑很舒服，很好用 操作难度:键程短，反馈快，打字声音小。人体工学设计，打字不累 外观颜值:蓝紫配色，小清新，非常好看。rgb灯光很好看 响应速度:反应很快，2.4g与有线反应速度差不多，用起来很顺手,预售V98Pro Box冰淇淋轴Pro 海盐
2,"到手即用 非常方便
外观颜值：超级好看
操作难度：连接方便
舒适度：符合人体工程学的高度 打字很舒服 
灯光合适不刺眼  冰激淋pro 轴体不要太香 很润滑 大键声音好听 轴体较稳 
非常nice",预售V98Pro Box冰淇淋轴Pro 黑加仑
3,"外观颜值：非常喜欢的一款配色
舒适度：对比我的灯厂键盘，手感舒适到爆
响应速度：丝滑快速响应
操作难度：一级棒，是我喜欢哦?",预售V98Pro Box冰淇淋轴Pro努巴尼源限定
4,"预售VGN98pro   蒸汽波pro轴    黑加仑
打字：特别顺滑好用，耐用度：非常好，舒适度：非常棒
键盘润滑很舒服很好用   键程短反馈快，打字声音很小人体工学设计，颜值非常好看   rgb灯光也很不错  2.4g蓝牙跟有线速度差不多    用起来非常舒适   总体给我的体验感非常棒，相信VGN还会出跟多惊艳的键盘！",预售V98Pro 蒸汽波轴Pro 黑加仑
5,"常满意的键盘体验,打字特别好用，也非常耐用,键盘润滑很舒服，很好用，操作难度,键程短,反馈快,打字声音小，人体工学设计,打字不累,外观颜值,限定配色非常好看, rgb灯光也很不错，相应速度,反应肯快,2.4g、蓝牙反应很快,用起来很顺手,希望国产键盘越来越好！！ 非常好非常好非常好 极力推荐非常好用！",预售V98Pro Box冰淇淋轴Pro 黑加仑
6,按键摁下去，阻尼感恰到好处，手感软弹，手感可以，看起来也很炫酷，按键反应灵活，弹性还挺好的，色彩搭配很理想，质量做工也过关。回弹有力度，每天拿来打字的时间也挺久的，比我之前买的另外一个套装要好使的多，而且很喜欢这个款型。,预售V98Pro Box冰淇淋轴Pro 黑加仑
7,"等了半个多月终于到货了，键盘非常不错，手感丝滑，厂润非常不错，三百出头的三模gasket机械键盘非常香，大键还是蛮扎实的。
舒适度：非常舒服
外观颜值：好看
响应速度：快",预售V98Pro 蒸汽波轴Pro 黑加仑
8,时隔二十天，终于拿到了pro版本，讲道理，这期间有点难熬。在上手试过之后，觉得的确性价比拉满，颜值，分量，手感全部拉满，非常推荐！,预售V98Pro Box冰淇淋轴Pro 黑加仑
9,"我愿称之为2022年98配列卷王中王！！键盘手感非常好，按键干脆声音又不会特别大
耐用度：键盘整体手感挺扎实

舒适度：很好

操作难度：反馈快，打字顺畅

外观颜值：非常好看，很喜欢，送的空格键帽也不错",预售V98Pro 蒸汽波轴Pro 黑加仑
10,"等待23天，2号下午14:51付款，不负等待吧！
先说颜值：好看！这个配色真好看，实物图比渲染图好看多了。
再说做工：边框过度自然，无割手感，键帽从外观看无明显毛边，有一两个键稍微有一点，瑕不掩瑜！分量感很不错，整体刚度还行，扭动稍微有声音，应该是电池粘胶的声音。
最后手感：手感很棒！安静舒服，大键调教很棒！键帽手感很不错，没翻车。
酒香不怕巷子深，功夫活！不错！不错！超值！",预售V98Pro Box冰淇淋轴Pro努巴尼源限定
1,"耐用度：不错
舒适度：拉满了，声音真的很舒服
操作难度：手感很棒，比之前300+的樱桃轴好了很多
外观颜值：好看
响应速度：挺快的，没啥问题",预售V98Pro Box冰淇淋轴Pro努巴尼源限定
2,"声音很小，在办公室完全不会吵到别人
外观颜值：海盐配色直接颜值拉满，太适合女孩子了~整体画风也是很软很奶~

舒适度：手感也超级棒，我只用过红轴和这款，A比红轴要重一些，也不会误触

甚至有点想入黑加仑款了，两个换着用，超级喜欢！！！",预售V98Pro Box冰淇淋轴Pro 海盐
3,这是我的第二把机械键盘，手感和声音都比之前的键盘舒服得多，触发非常快，灯光配色，手感舒适。刚入键盘区的新手还是比较推荐性价比嗷嗷的，别评测看多了，好不好上手试试就知道。耐久度用两年之后回来追评,预售V98Pro Box冰淇淋轴Pro 海盐
4,"舒适度：按键很舒适，手感很好，键帽磨砂质感，摸起来很舒服。大件有的轴也很稳很舒适
外观颜值：外观很好看，蓝白配色，看着也很舒服
响应速度：2.4G无线，没感觉到延迟",预售V98Pro Box冰淇淋轴Pro 海盐
5,"耐用度：很耐用键程短，反债快，打字声音小。人休工学 设计，打宇不累 外观颜值  响应速度；反应很快，24g与有线反应速度差不多
舒适度：键盘润滑很舒服，很好用
操作难度：到手即用
外观颜值：挺好 小清新，韭常好看。rgb灯光 很好看",预售V98Pro Box冰淇淋轴Pro 海盐
6,"整体手感：刚触摸到键盘就有一种厚重感，感觉堆料很足。
手感：打字有种打麻将的感觉。
外观：整体看上去很工整，大小在我眼中刚刚好。
整体：快递到的时候，包裹的很严实，保护做的很好。
软件方面：可有可无，整体做的一般。
细节：空格那一排要稍矮于shift那一排，手感上可能会略感奇怪。",预售V98Pro 蒸汽波轴Pro 黑加仑
7,"外观颜值：特地选了海盐冰淇淋的版本，整体看来非常清新，调色很舒服
舒适度：与mx冰淇淋相比，冰淇淋pro的手感更丝滑了，加强厂润还是有好处的，沙沙声也几乎听不到了
操作难度：本身2.4G直接适配，开箱即用
耐用度：我这把没出现跷跷板的问题，应该是工艺改进了，整体的做工也比较符合预期",预售V98Pro Box冰淇淋轴Pro 海盐
8,"舒适度：很顺滑，很好用。
自己放在公司用，声音大小可以接受。
打字不会感觉累。不使用手托没问题，高度合适。
可以连接三个蓝牙，可以连接手机，电脑。
外观颜值：外观很好看。",预售V98Pro Box冰淇淋轴Pro 海盐
9,虽然快递很折磨，客服也不搭理我，但键盘还不错,预定V98Pro Box冰淇淋轴Pro 海盐
10,"耐用度：不错
舒适度：打字很舒服，声音好听
操作难度：手感很好
外观颜值：黑加仑yyds，超级好看
响应速度：回弹很快",预售V98Pro Box冰淇淋轴Pro 黑加仑
1,"到手即用，耐用度;很好 舒适度;健盘润滑油很多，很好用操作难度;健程炬，反饮快，打字声音小。人体工学设计，打宇不器外观，蓝配色，小清新，非常好看。rgb灯光很好看 响应速度;反应很快，2.4g与有线反应速应
差不多，用起来很顺手",预售V98Pro Box冰淇淋轴Pro 海盐
2,"耐用度：键帽是mda高度pbt材质的 摸着还行偏磨砂感 比ck69那套舒服

买的蒸汽波pro 轴体还行 打字蛮爽  顺滑度也可以 键盘整体很有分量 大键无敌 2.4g无线很爽 内部填充好评",预售V98Pro 蒸汽波轴Pro 黑加仑
3,"键盘手感很好，阻尼感顺滑且一致性强。
pbt键帽很耐油，粗糙度也刚刚好。
键盘声音好听，忍不住想一直打字，一直学习哈哈哈。
2022最具性价比的键盘！",预售V98Pro Box冰淇淋轴Pro 黑加仑
4,"舒适度：到手打开用了一段时间，手感很好
外观颜值：海盐冰激凌颜色很好看，第一次买机械键盘，体验很好
响应速度：按键响应都很快，感觉不出什么延迟
推荐！！",预售V98Pro Box冰淇淋轴Pro 海盐
5,"总的来说挺不错的，很符合预期效果。
打字：特别好用。
耐用度：非常好。
舒适度：键盘润滑很舒服。
操作难度：键程短，反馈快，打字声音小。
人体工学设计，打字不累外观颜值：海盐蓝紫配色，非常好看。 RGB 灯光很好看响应速度：反应很快，2.4G与有线反应速度差不多，用起来很顺手。",预售V98Pro Box冰淇淋轴Pro 海盐
6,"终于到手了，这个配色是真的好看，按键声音小 不会影响到别人了，打字很舒服
操作难度：没有难度，即刻上手
外观颜值：黑绿配色，太好看了
舒适度：打字什么的手感不错",预售V98Pro Box冰淇淋轴Pro努巴尼源限定
7,"舒适度：MDA键帽很舒服，非常不错
操作难度：简单好上手，不需要调整啥的
外观颜值：非常好看，紫色非常吸引眼球
响应速度：2.4g很快，还可以蓝牙或者有线，刷新率也很高
整体是一把非常不错的键盘，不光是蒸汽波轴pro声音非常脆，触发也很快，整体的颜值也很高，还带RGB，比较硬的gasket结构，三模连接切换方便，键盘内部的填充也是做得不错，价格也很到位，赠品也有，期待后续，总而言之，有一些小的瑕疵，但是瑕不掩瑜，这个键盘还是非常值得购买的，比较推荐",预售V98Pro 蒸汽波轴Pro 黑加仑
8,"耐用度：模具实在，手感很好。

舒适度：冰激凌轴自带厂润，手感很好，适合玩游戏。
外观颜值：海盐配色很好看，淡色系，额外赠送了大键。

响应速度：3模，电池可以用很久，玩游戏无延迟。",预售V98Pro Box冰淇淋轴Pro 海盐
9,"舒适度：键帽高度非常舒适
操作难度：上手简单
外观颜值：外观很好，看我自己换了几个个性的键帽，感觉整体更好看了
响应速度：2.4G下，一点问题都没有
这个冰淇淋轴按起来声音挺小的，比较适合打字的环境，用来办公的话，还挺不错的，而且这个键盘套件的填充拉满，灯光由于冰淇淋轴的透光还算可以，所以整体上也是可以接受的，首发送的这个航插线也挺不错的，五颜六色的挺好看，而且一摸质量就很好，这个键盘这个价格真的是随便买，感觉无论买什么配置都不会吃亏",预售V98Pro Box冰淇淋轴Pro 海盐
10,外观很漂亮，实际到手比图片还好；用着很舒服，键盘润滑很到位；打字声音不吵，在办公室用刚刚好；响应速度很快，几乎没有延迟；总体是很棒的一把键盘，很满意。,预售V98Pro Box冰淇淋轴Pro 黑加仑
1,"舒适度：按键很舒服，打字打游戏都很轻松，声音很小，挺不错的。
外观颜值：颜值那就更不用说了，很喜欢的外观配色，很小清新。
响应速度：效应速度没什么直观感受，但日常使用打游戏绝对够用啦，放心购入。",预售V98Pro Box冰淇淋轴Pro 海盐
2,包装升级了，带的有气泡棉，不拍摔了。第一个机械键盘，估计可以退烧了，冰淇淋轴很线性。打字：特别好用，耐用度:非常好 舒适度：键盘润滑很舒服，很好用 操作难度：键程短，反馈快，麻将音很hifi。键盘有点高还得适应：海盐蓝紫配色，小清新，非常好看。rgb灯光很好看响应速度：反应很快，2.4g与有线反应速度差不多，用起来很顺手。很不错的一个键盘，没白等这么久。,预售V98Pro Box冰淇淋轴Pro 海盐
3,非常满意，最早11.1官方直播买的，由于我们这里疫情刚收到货，质量很好，做工精细，外观是我喜欢的。    用着很舒服，属于是性价比无敌了，好看又好用，打字非常舒服，堆料确实足，凯华box冰激凌Pro轴顶级丝滑度，键帽手感也好，没任何杂音，配色也好看，定制的空格键好看，很配。电池大，续航久。总之非常满意。,预售V98Pro Box冰淇淋轴Pro 海盐
4,"等了20多天，现在终于到手了，入手的第一把键盘： 
8000毫安的电池 续航还没有测，但是肯定很好 
冰淇淋轴体，线性声音小，键程短，手感很舒适 
海盐冰淇淋属于小清新，非常好看，rgb可调模式非常多，而且还可以自定义 。",预售V98Pro Box冰淇淋轴Pro 海盐
5,"一 次非常满意的键盘体验快一个月的等待还是值得的。打字：特别好用，
耐用度：非常好 
舒适度：键盘润滑很舒服，
很好用 操作难度;键程短，反馈快，打字声音
小。人体工学设计，打字不累 外观颜值：海
盐蓝紫配色，小清新，非常好看。rgb灯光很
好看 响应速度：反应很快，2.4g与有线反应
速度差不多，用起来很顺手，希望国产键盘越
来越好。",预售V98Pro Box冰淇淋轴Pro努巴尼源限定
6,键盘不错，符合我的预期，插上即用。打字:人体工学设计，打字不累。 耐用度：非常好舒适度：键盘润滑很舒服，很好用操作难度：键程短，反馈快，打字声音小，外观颜值：小清新，很好看，rgb灯光很好看，响应速度：反应很快，用起来很顺手，一个多月的等待还是值得的，一次满意的购物体验，希望国产键盘越来越好。,预售V98Pro 蒸汽波轴Pro 海盐
7,"舒适度：很舒服，手感很顺滑，声音很一致。对于我个人而言按压力度再轻一点就更好了。  声音属于闷闷的那种，不是很大。
操作难度：没什么操作难度，上手即用，有附带说明书
外观颜值：外观个人还是很喜欢的，实物比图片好看。
响应速度：速度挺快，。",预售V98Pro Box冰淇淋轴Pro 黑加仑
8,"总结一下:
1.这把键盘上手体验极佳，键程较短 回馈快，比较静音播放
2.外观方面十分好看，黑加仑配色，沉稳，灯光好看
3.键帽pbt材质，触感舒服，字迹清晰
4.mda高度，人体工学设计，打字不累
5.再加三模切换，超大容量电池
物超所值！非常满意了",预售V98Pro 蒸汽波轴Pro 黑加仑
9,外观颜值：黑加仑外观很奈斯，拿到手敲击很舒服！换了增补键帽，颜值更加上升！好用！非常不错！声音也很清脆，轴心稳定性也很好,预售V98Pro 蒸汽波轴Pro 黑加仑
10,预售后入，这次游戏动力的品控很棒，非常棒。大键完美，键盘整体入手还挺有重量的。轴体回弹很给力，键帽的品控也不错，指间文创的功力还是在线的。哈哈不亏是年度卷王，超级满意,预售V98Pro Box冰淇淋轴Pro努巴尼源限定
1,手感一般，颜值很高OK,预定V98Pro 蒸汽波轴Pro 海盐
2,等了半个月，很不错，冰激凌轴声音比较小，手感很棒，办公室用没问题，MDA键帽手感很棒，大键也很舒服，非常满意,预售V98Pro Box冰淇淋轴Pro 黑加仑
3,&hellip;&hellip;到手体验了一下，黑加仑还是挺好看的，冰淇淋轴的声音手感我也很喜欢，还没有用来打游戏，不过打起字来还是挺爽的，无线连起来也没啥问题，有线和蓝牙没试。总体来说还是很不错的，包装很好，颜值不错，质量也没有问题，满意。,预售V98Pro Box冰淇淋轴Pro 黑加仑
4,"很好用。
舒适度：键盘润滑很舒服，冰淇淋轴越用越好用
操作难度：键程短，反馈快，打字声音娇小而且很好听。人体工学设计，打字不累。
外观颜值：海盐配色，小清新，非常好看。 rgb 灯光很好看。
响应速度：反应很快，2.4g与有线反应速度差不多，用起来很顺手。",预售V98Pro Box冰淇淋轴Pro 海盐
5,"VGN V98Pro，真实体验:
一、优点（第0条优点 性价比无敌）
①卫星轴（RX卫星轴同模具）手感T0
②消音填充拉满（送测的是poron轴下垫，大货是ixpe轴下垫，poron轴下垫更消音，ixpe更hifi）
③AKKO同模具键帽，MDA高度和手感很舒服
④左侧三模切换及右侧2.4G接收器收纳仓非常人性化
⑤Box冰淇淋Pro轴，类红轴里手感在量产里无敌，按压非常顺滑，轴心稳定，回弹给力（11.1会预售知夏轴，喜欢扭簧发声段落轴的福音）
⑥Gas结构+Pc定位板，敲击手感很柔和，偏硬的Gas手感一致性更好
⑦8000毫安时电池，续航给力
二、缺点
①外壳模具精度一般，F区缝隙不一致，向右下偏移
②个别键帽有毛刺
③背部三向式出线设计比较落伍
④灯光亮度一般（轴下垫和夹心棉为黑色、Box冰淇淋Pro为全pom轴体，不透光）
如果你打算买一款98配列机械键盘，或者你想购买一款机械键盘，这个键盘性价比拉满。",预售V98Pro Box冰淇淋轴Pro 海盐
6,非常好用 打字：特别好用，耐用度:非常好 舒适度：键盘润滑很舒服，很好用 操作难度:键程短，反馈快，打字声音小。人体工学设计，打字不累 外观颜值：海盐蓝紫配色，小清新，非常好看。rgb灯光很好看响应速度：反应很快，2.4g与有线反应速度差不多，用起来很顺手。,预售V98Pro 蒸汽波轴Pro 黑加仑
7,"耐用度：5000万次寿命
舒适度：打字办公很舒服，反馈很快，声音不吵
外观颜值：海盐配色冷色调，小清新，十分好看。
操作难度：热插拔，三模特别方便切换。
响应速度：响应很快，回报速度也很快。",预售V98Pro Box冰淇淋轴Pro 海盐
8,键盘很不错，比较符合预期，轴体顺滑，颜值也很在线，链接的延迟基本感觉不到，还不错。包装也很好。,预售V98Pro Box冰淇淋轴Pro 海盐
9,"等了半个月，现在终于到手了
耐用度：8000毫安的电池 续航还没有测，但是应该很好
舒适度：冰淇淋轴体，声音很小，键程短，手感很舒适
外观颜值：海盐冰淇淋很小清新，非常好看，rgb可调模式非常多，而且可以自定义。 
1000hz的汇报率，无线和有线的差别不大",预售V98Pro Box冰淇淋轴Pro 海盐
10,"耐用度：很好
舒适度：手感很顺滑，舒服
操作难度：按键声音小，非常适合办公环境
外观颜值：帅，粉紫的配色越看越喜欢
性价比非常高的一款键盘，虽然预售等了很久，但也算物超所值！",预售V98Pro Box冰淇淋轴Pro 黑加仑
1,"耐用度：耐用
舒适度：很舒适
操作难度：一般，按照说明书走就行
外观颜值：很好看
响应速度：快，无感延迟
整体来说是非常不错的一款键盘，品控也不错，399的价格来说的话是非常完美的键盘，要是客服换成机器人的话将绝杀，可惜换不得。只能说就跟半藏随缘一箭一样，缘分到了自然就有客服回复你了（ps：我是1号晚上19:36:38下的单，给各位参考一下）",预售V98Pro Box冰淇淋轴Pro 海盐
2,键盘手感上体验非常好，舒适度方面，键盘润滑很舒服，很好用操作难度：键程短，反馈快，打字声音小。人体工学设计，打字不累外观颜值：蓝紫配色，小清新，非常好看。 rgb 灯光很好看响应速度：反应很快，2.4g与有线反应速度差不多，用起来很顺手预售赠了个空格键帽，还有3个轴，一个拆卸器还有一根 type - c usb 的数据线,预售V98Pro 蒸汽波轴Pro 海盐
3,"舒适度：MDA的键帽用起来非常舒服，无论是玩游戏，还是打字都很不错，还有这个颜色我很喜欢
外观颜值：非常的不错，无论是套件还是键帽，都很好看
响应速度：很快，无线2.4g游戏没有任何问题
整体是一个非常值得买的键盘，无论是套件质量键帽质量还是轴，基本上说都很强，而且价格比较低，性价比非常高，首发购买还送很多东西，真的很不错，等待完全是值得的",预售V98Pro Box冰淇淋轴Pro 黑加仑
4,"键盎己收到，我喜欢这种敲击感强烈的，小伙伴们可以根据自己的喜欢选择合适的轴体，用着还不错，
手轻松，按键的反应力很快，质量方面也是过关的，面板材质有点高大上，符合我心里的预期，不错！推
荐购买！个人满足！感觉这种风格的看起来更加有电竞感．平时喜欢玩游戏
买这个的主要用途也是这样",预售V98Pro Box冰淇淋轴Pro 黑加仑
5,"键盘手感很好，声音也很hifi。
外观颜值：满分?，这个配色太喜欢了。
响应速度：响应速度很快，驱动可以调回报率好评。",预售V98Pro 蒸汽波轴Pro 海盐
6,质量相当好，用起来很舒服，大键调教的很好，灯光很好，真的绝对性价比首选,预定V98Pro 蒸汽波轴Pro 海盐
7,"舒适度：很不错，没有出现问题
操作难度：键程短，反应快，声音小，打字不累
外观颜值：外观很不错，颜值灯效没的说
响应速度：反应很快，用起来很顺手，强烈推荐",预售V98Pro Box冰淇淋轴Pro 海盐
8,"耐用度：很好，一键退烧
舒适度：键盘润滑很好

操作难度：键程短，反馈快，打字声音小很舒服人体工学设计，打字不累
外观颜值：蓝紫配色，小清新，很喜欢，rgb灯光很好看 
响应速度：反应很快，2.4g与有线反应速度 差不多，用起来很顺手 蓝牙感觉也没有延迟",预售V98Pro Box冰淇淋轴Pro 海盐
9,做工比预想的要好，之前用的一直是cherry轴，第一次用国产感觉要比原厂做的更好。大键调教不错，一点也不松垮，换套键帽颜值也能打了，整体很满意,预售V98Pro Box冰淇淋轴Pro 海盐
10,很好看，很喜欢，第一次用这么好的键盘（之前没买过这么贵的哈哈哈），不太懂，但觉得都很好，声音不大，听起很舒服，按压手感很好，超喜欢的，爱不释手了。嘿嘿,预定V98Pro 蒸汽波轴Pro 黑加仑
1,"不错，打宇声音很清脆。
打字：特别好用，耐用度;非常好舒适度：键盘润滑很舒服，很好用
操作难度:键程短，反馈快，打字声音小。人体工学设计，打字不累
 外观颜值：黑加仑配色，非常好看。rgb灯光很好看
响应速度：反应很快，2.4g与有线反应速度差不多，用起来很顺手。就是不知道怎么连蓝牙，电脑上看不到v98pro。",预售V98Pro Box冰淇淋轴Pro 黑加仑
2,"舒适度：第一次买这种键盘，手感ok，声音也不吵，可以的
外观颜值：特意选的黑绿配色，到手了实际一看越看越对眼
操作难度：直接上手就能用，完全ok
耐用度：很结实，应该能用很长时间了",预售V98Pro Box冰淇淋轴Pro努巴尼源限定
3,打字很舒服，声音不大，很有感觉，支持蓝牙、接收器等三模连接，做工尚可，也有比较漂亮的背光，电池容量足够大，续航持久，键盘布局也算比较合理，比较满意!,预售V98Pro Box冰淇淋轴Pro 海盐
4,"到手即用，大键卫星轴薄润
耐用度：很好非常好 
舒适度：冰淇淋轴体润滑
操作：键程适中，打字声音小。gas结构，打字不黑 外观颜值：紫色，耐看，小清新。rgb灯光很好看，2.4g与有线反应速度一样，用起来很跟手。",预售V98Pro Box冰淇淋轴Pro 海盐
5,"外观颜值：细腻的做工加上完美的键帽搭配，颜值绝对爆表，漂亮的过分了，男女通吃。
舒适度：蒸汽PRO的按压不是很大，手感不错，初入门选手的不二选择。
响应速度：全键无冲，三模连接，用起来感觉不到延迟。",预售V98Pro 蒸汽波轴Pro 海盐
6,"八号买的，等了20多天，虽然等待的过程是漫长的，但是到手后感觉是太香了。
舒适度：凯华box冰激凌轴手感舒适，声音也不大，手感顺滑，太爽了。
外观颜值：海盐好看
响应速度：很好
耐用度：很好。",预售V98Pro Box冰淇淋轴Pro 海盐
7,键盘好像不会偏右下了，然后整体很不错，很喜欢，轴的话，很软，还行，我自己大键换了高特水蜜桃，键盘还是很值得买的，设计合心意,预售V98Pro Box冰淇淋轴Pro 海盐
8,"到手即用，耐用度;很好 舒适度:键盘润滑油很多，很好用 操作难度:键程短，反馈快，打字声音小。人体工学设计，打字不累 外观颜值：
蓝紫配色，小清新，非常好看。rgb灯光很好看 响应速度;反应很快，2.4g与有线反应速度
差不多，用起来很顺手",预售V98Pro Box冰淇淋轴Pro 海盐
9,键盘本体做工不错，防尘盖很薄，感觉不结实，冰淇淋轴体肉肉的，超级舒服，gasket结构果然很好，赠送的五面热升华大键做工很细腻，好评，还会推荐朋友购买,预售V98Pro Box冰淇淋轴Pro 黑加仑
10,"耐用度：键帽的手感很好，还送了3个轴可以更换。
操作难度：轴体按下去时很轻松，不用太重按下去，回弹也好
外观颜值：外观小清新，很好看",预售V98Pro 蒸汽波轴Pro 海盐
1,键盘不错，性价比超级高 手感好 按键声音清脆 rgb灯效很棒 好评 大电池 用了一星期还不需要充电 三模链接也很好 小巧玲珑 外观好 还送了贴纸 响应速度快 这个价位杀疯了,V98Pro 极地狐轴 限定款 （预售）
2,"舒适度：入手很润
操作难度：驱动简单好用，说明也很清楚
外观颜值：很赞
响应速度：键程短，跟手还是不错的",预售V98Pro Box冰淇淋轴Pro 海盐
3,"舒适度：手感丝滑
外观颜值：非常耐看
响应速度：反应速度快，感觉不到有延迟

1号7点51分下单，18号晚出货，20号早上到，性价比超高，买到就是赚到",预售V98Pro Box冰淇淋轴Pro 海盐
4,"外观颜值：好看
舒适度：好用
键盘润滑很舒服，很好用，键程短，反应快，声音小。人体工学设计，打字不累，黑加仑配色，沉稳，非常好看！rgb灯光很好看，可以自定义！反应很快，2.4g与有线反应速度差不多，用起来很顺手！！！",预售V98Pro Box冰淇淋轴Pro 黑加仑
5,"耐用度：赶紧非常的结实 厚重
舒适度：手感非常不错 打字打游戏都很舒服
操作难度：可直接上手 完全没难度 不论是换轴还是键帽
外观颜值：非常好看 清新 耐看
响应速度：速度非常快 感觉和有线一样无延迟
非常好用的一把键盘 买了就让你再也不想使用其他的键盘 快递的包装也非常的严实 泡沫包裹全覆盖 一点都磕碰不到",预售V98Pro Box冰淇淋轴Pro 海盐
6,?看起来还不错，包装的很仔细，价格也非常公道，还会继续买买买！?超出预期，质量很好，已经收到啦，很不错，还有赠品，性价比太高啦，爱了爱了_(:з」&ang;)_,预售V98Pro 蒸汽波轴Pro 海盐
7,到手即用，耐用度：很好非常好 舒适度：键盘润滑很舒服，很好用 操作：键程短，反债快，打字声音小。gas结构，打字不黑 外观颜值：紫色，耐看，小清新。rgb灯光很好看，2.4g与有线反应速度一样，用起来很跟手。,预售V98Pro Box冰淇淋轴Pro 黑加仑
8,冰淇淋轴很丝滑，空格键不肉，很顺畅，键帽颜值对比微光，棉花糖一点都不逊色，电池容量大小目前是没有对手，重量很足，希望能把驱动升级更完整，功能更强大些，目前暂时没有发现短板，20多天的等待没浪费，期待彩虹航插线快点发货。全五星好评，一个月使用后再来追加评论。,预售V98Pro Box冰淇淋轴Pro 海盐
9,按键省力轻松，回弹还挺足的，手感我很喜欢，现在用着还不错，灯光搭配也相当好看，关灯看更加的炫，每天会用上玩几局游戏，灵敏度高，操作点击的反应力足够快，分量沉，放在桌上还蛮沉稳的，使用稳定不会移动位置，敲击声音适中，电竞氛围有了。,预定V98Pro 蒸汽波轴Pro 海盐
10,套件分量很足，看了一下，夹心棉，轴下垫，硅胶底垫，塞满了属于是，8000毫安大电池，vgn98属实是卷王之王了！从收到，开着灯用了一天了，依旧坚挺。,预售V98Pro Box冰淇淋轴Pro 海盐
1,"耐用度：很耐用
舒适度：爽，爽就完了，体验超级棒
操作难度：手感无敌了
外观颜值：帅炸了，超级喜欢这种配色
响应速度：蓝牙和无线反应都很快，基本看不到什么延迟，总体来说没有任何毛病。",预售V98Pro Box冰淇淋轴Pro 海盐
2,"键盘的包装很严实，气囊紧紧包着键盘，盒子没有破损，非常完美。

键盘盒子蛮简约的，键盘颜值满分，性价比也很好。轴体出厂润的不错，刚开始按键手感会有些不统一，用了一个小时就好了。手感很丝滑，回弹也很好，声音清脆好听。

因为还没打游戏，蓝牙和2.4G连接延迟感知不到，但对于我这种轻度游戏玩家肯定足够用了。键帽手感不错，也没遇到别人说的毛边问题。增补的空格挺好看的，反装比正装按起来更舒服些， 就是不知道键帽之后会不会打油。如果不急的话，这款键盘上车肯定不亏的。",预售V98Pro Box冰淇淋轴Pro 海盐
3,算是第一次买客制化键盘，键盘很好，打字声音很清脆。打字：特别好用，耐用度：非常好舒适度：键盘润滑很舒服，很好用操作难度：键程短，反馈快，打字声音小。人体工学设计，打字不累 外观颜值：海盐蓝紫配色，小清新，非常好看。rgb灯光很好看。 响应速度：反应很快，2.4g与有线反应速度很快。,预售V98Pro Box冰淇淋轴Pro 海盐
4,"舒适度：按起来特别清脆，舒服
外观颜值：海盐色清新明亮，特别简洁
响应速度：几乎没有延迟，响应速度快
性价比爆高的一款产品，没有任何问题，到手就开始用了，赠品也丰富，无脑入！",预售V98Pro 蒸汽波轴Pro 海盐
5,等了一阵时间到的货 个人感觉还是不错的 回弹跟手 声音好听 颜值很喜欢的 蒸汽波pro手感还是可以的 不枉我月底收到啊 值了！,预售V98Pro 蒸汽波轴Pro 海盐
6,"等了半个多月收到货十分的惊喜。这个价位的这个键盘绝对是卷王中的卷王。买了不吃亏！
舒适度：手感适中，因为是冰淇淋轴，声音比较小，也很安静。
外观颜值：海盐颜值yyds，还有自定义的rgb。
响应速度：1000hz的回报率很快。",预售V98Pro Box冰淇淋轴Pro 海盐
7,"8000毫安电池让键盘有的有点重，很耐用非常好操作，键程短，反馈快触发快，打字声音小。打字不累，海盐配色，小清新，非常好看。rgb灯光好看 ，反应很快，2.4g与有线反应速度差不多，用起来很顺手
外观颜值：很好看，颜色和配
舒适度：用着很舒服，手感不错",预售V98Pro Box冰淇淋轴Pro 海盐
8,"耐用度：料子很耐用，用料很厚实没有廉价的感觉
舒适度：按着也很舒服，打字音听着也可以
外观颜值：外观很好看，配色很清新
响应速度：速度很快蓝牙2.4G都是直接就连接上了，延迟也没有感觉到",预售V98Pro Box冰淇淋轴Pro 海盐
9,作为自己入手的第一款机械键盘，真的满足了我对于机械键盘的一切美好幻想，首先冰激凌轴的声音不是特别大，在宿舍用基本不会吵到别人，但是触感又很好，回弹也很有力，不会有按上去软趴趴的感觉；其次颜值也很在线，就算在不开灯的情况下也十分耐看，更不用说自带的丰富的rgb灯效了，打开以后让大晚上打电脑都变成了一种享受；与电脑可以三模连接，有线，无线和蓝牙连接都十分的稳定，用到现在没有断连过，切换也十分方便，总之就是非常的满意！！,预售V98Pro Box冰淇淋轴Pro 海盐
10,"耐用度：键盘做工非常好，感觉很厚实
舒适度：使用非常贴手，键程短
外观颜值：颜值非常高
响应速度：响应速度很快，润滑很好",预售V98Pro Box冰淇淋轴Pro 海盐
1,"整体来说很完美，后面也下单了御斧r108进行对比，对比之下果断选择了vgn。因为个人使用更多108，所以还需要适应。按键声挺清脆的，个人感觉比金粉舒服。
目前出现的问题，主要出现在：
1.键帽问题，透光度很低，在全黑环境下完全看不清字符。
2.小键盘区紧凑布局，按键0是小键位，刚接触这种布局容易误触",预售V98Pro Box冰淇淋轴Pro 海盐
2,"键盘收到了，用了两天之后才过来评，大体谈谈感受叭。
颜值方面:买的是黑加仑，喜欢这种黑白分明的，到手真的很惊艳，实物确实比图片要好康的多
手感:谈一下键帽和轴体叭，键帽触感很很棒，上手很舒服；冰淇淋轴pro真的很顺滑，大键调教的也很棒，现在是真的想留下自用了
虽然快递等的有点久叭，但是这波真的很值，一句话，真香！不愧是98年度卷王！",预售V98Pro Box冰淇淋轴Pro 黑加仑
3,"年货vgn v98pro等了20天终于收到了，喜欢紫色的我真的爱惨了，黑加仑这个配色实物真的太好看了叭。
三模热插拔RGB，gasket结构，pc 定位板，poron夹心棉，ixpe轴下垫，硅胶底棉，堆料拉满。
使用的凯华冰激凌pro轴体，顺滑，触底比较闷，声音不会很吵很好听。大键卫星轴调教得不错，手感均匀稳定也不觉得肉，适合到手即用。",预售V98Pro Box冰淇淋轴Pro 黑加仑
4,"耐用度：很好
舒适度：键盘按着很舒服，出厂润滑很不错，好用
操作难度：键程短，反应快，打字声音不大很好听
外观颜值：蓝紫配色很不错，灯光样式也很多，
响应速度：很快，基本没有延迟",预售V98Pro Box冰淇淋轴Pro 海盐
5,"外观颜值：这款海盐冰淇淋颜色非常清新好看，20种RGB灯光很炫酷，动力娘也很戳xp哈哈
舒适度：凯华冰淇淋轴的线性轴，手感非常丝滑，大键的卫星轴也很稳
响应速度：有线蓝牙2.4g都几乎没有延迟

再加上398的价格，不愧是2022年底键盘的卷王",预售V98Pro Box冰淇淋轴Pro 海盐
6,?古德古德，歪瑞古德，声音好听，键盘好看，按键舒服。收到立马打开看了一下，非常不错，质量超好，颜值又高?，推荐推荐?宝贝收到后很满意，外形颜色也很喜欢，挑选好多家，果然没看错，希望把好物分享给大家??大无语事件家人们！咱就是说，太好用了，狠狠的爱住了！宝贝特别喜欢，颜值高质量好，中看又中用，有需要的朋友不要犹豫了，最后祝商家生意兴隆！,预售V98Pro 蒸汽波轴Pro 黑加仑
7,"1舒适度：第一次买这种键盘，手感ok，
外观颜值：特意选的黑绿配色，到手了实际一看越看越对眼 
操作难度：直接上手就能用，完全ok 1
耐用度：很结实，应该能用很长时间了
键盘挺好，用着挺得劲用着挺好用的，这键盘如果有红轴的就好了，轴按键声清脆 灯光效果多样 只能用炫酷来形容，手感也好。不错 用着很舒服！性价比极高！",预售V98Pro Box冰淇淋轴Pro努巴尼源限定
8,"vgn98pro键盘，感觉还不错
心心念念的键盘收到了，抢到了现货还是很幸运
的，也用了几个星期了，感觉还不错。包装简单但保护得还不错，没有什么破损。里面配件齐全。以后想要替换的合适度不是很高。冰激凌
pro很顺滑，声音我小白也听不大出来，挺好的。",预定V98Pro Box冰淇淋轴Pro 黑加仑
9,"舒适度：键帽高度手感都不错 
外观颜值：塑料感较强 重量轻  质感差
耐用度：冰淇淋轴体很棒 消音也做的很好 空格润的太多了 肉的很",预售V98Pro Box冰淇淋轴Pro努巴尼源限定
10,"外观颜值：黑加仑配色十分耐看 外观也给人一种沉稳的感觉
响应速度：三模热插拔 大键调教的很好 码字和游戏都很舒服  
耐用度：pbt键帽 耐看还耐打油 到手很有分量的一把客制化键盘  脚撑也很稳 整体很奈斯的一把键盘
v98pro不愧为今年的一把卷王?",预售V98Pro 蒸汽波轴Pro 黑加仑
1,"十分给力到位到手即用。
耐用度：很好
舒适度：gasket结构很顺手，冰淇淋轴很好用操作难度：键程短，反馈快，打字声音小。人体工学设计，打字不累外观
颜值：海盐配色，小清新，非常好看。rgb灯光很好看，不会很晃眼，灯光种类丰富。
响应速度：反应很快，2.4g和蓝牙与有线反应速度差不多，用起来很顺手总体来说很棒
非常值得的，确实好用，大键也很好用，手感一流。",预售V98Pro Box冰淇淋轴Pro 海盐
2,太棒了！小白第一次入手机械键盘好喜欢啊，这个手感太舒服了，冰淇淋轴的打字音太爱了，做工和品质也很满意，本来还以为要月底收到了，没想到发货还挺快的，观望的小伙伴不要犹豫，到手绝对惊喜哟,预售V98Pro Box冰淇淋轴Pro 黑加仑
3,"耐用度：非常好舒适度：键盘已经经过润滑，很舒服，很好用。
操作难度：键程短，反馈快，打字声音小。人体工学设计，打字不累。
外观颜值：蓝紫配色，小清新，非常好看。 rgb 灯光很好看。
响应速度：反应很快，2.4g与有线反应速度差不多，用起来很顺手。
预售赠了个空格键帽，还有3个轴，一个拆卸器还有一根 type - C usb 的数据，希望国产越来越好",预售V98Pro Box冰淇淋轴Pro 海盐
4,"终于收到了，首先要说大键调教的很好，很整。
其余按键手感很顺滑，快速又省力，码字游戏都适合。
声音是我喜欢的那种，干脆，方向键声音还有些独特。
目前没发现什么问题，整体很满意，值得等待。",预售V98Pro Box冰淇淋轴Pro 海盐
5,从发货到收货只要一天时间，虽然等了20天。对于我来说办公室使用，可能性能过剩，但谁叫它性价比高呢！好用就完事了，请忽略电脑风扇声首 耐用度;很好很好非常好 舒适度;键盘润滑很舒服，很好用 操作难度;键程短，反债快，打字声音小。人休工学 设计，打宇不累 外观颜值 挺好 小清新，韭常好看。rgb灯光 很好看 响应速度;反应很快，24g 与有线反应速度差不多。,预售V98Pro 蒸汽波轴Pro 海盐
6,真的是非常完美的一款键盘，外观超级帅，冰淇淋轴的按键手感超级好，声音很好听，光效很不错，相比之下感觉我以前用过的那些键盘全是垃圾，准备等知秋轴上架，再买个知秋的段落轴试试,V98Pro Box冰淇淋轴Pro努巴尼源限定预售
7,"已使用了几天后的评价，作为我的第一款机械键盘，非常符合我的预期，是一款比较均衡的键盘，各个配置基本都拉满了。
整体机身质感挺好的，比较厚实，材质手感挺好的。
键帽做工不错，触感很好，颜色搭配好看。
按键整个行程没问题，力度很合适，声音也集中，消音材料有明显效果。
大键好用。
待机休眠后唤醒的第一次响应很快。
正常敲字时2.4g回馈很快，没感觉有时差，目前没有在游戏中使用体验过。",预售V98Pro 蒸汽波轴Pro 黑加仑
8,真的好用！耐用度：爽！舒适度：润滑到位，很好用 操作难度：反应快，声音小.打字不累，外观好看，可自定义。2.4g和有线差不多，用起来非常不错。强烈推荐！！！,预售V98Pro Box冰淇淋轴Pro努巴尼源限定
9,"舒适度：非常舒适。box冰淇淋pro使用起来声音很小很闷?手感很轻，很软，很糯，很顺滑。?
操作难度：简单易操作，不过听说挺难拆的??
外观颜值：海盐配色挺不错的，清新好看。??
耐用度：8000毫安电池续航确实可以?
响应速度：响应速度快。 2.4g接收感觉和有线差不多，基本没有延迟。?",预售V98Pro Box冰淇淋轴Pro 海盐
10,整体非常满意，一起买了两个键盘一个冰激凌轴一个知夏轴，当下我喜欢的两种轴就都齐了，线性轴顺滑，段落轴清脆，给大家听听我的大键音。,预售V98Pro Box冰淇淋轴Pro 黑加仑
1,性价比无敌，卫星轴国产第一梯队，键帽mda高度 我个人还是很喜欢的。声音一直性不错，稍显闷，但还是很带感的。外观设计不错 三模加收纳仓，功能也全，冲外观和功能，也值得入了。顺滑轴心稳定性高，一致性好。灯光也特别好看呢。,预售V98Pro Box冰淇淋轴Pro 海盐
2,"耐用度;很好
舒适度:很好用
操作难度:键程短，反馈快，打字声音小。人体工学设计，打字不累
外观颜值：蓝紫配色，小清新，非常好看。rgb灯光很好看
响应速度：反应很快，很顺手",预售V98Pro Box冰淇淋轴Pro 海盐
3,键盘手感还不错 办公室用 声音不大也不小 刚刚好  本以为抢的是现货结果是预售 就是预售等的好着急 1号37分付款 付款比较靠前的 11号拿到货 周末拿回家体验了一把 颜色搭配很喜欢 办公室同事也很喜欢 也准备下单了  让我惊喜的是 居然还有首发纪念赠品 满满的惊喜,预售V98Pro Box冰淇淋轴Pro 海盐
4,"买的预售，等了很久，收到货后就拆开用了，颜色很正，是我想要的颜色。键盘好用就完事了
响应速度：键程短，反应快，打字不累。
外观颜值：颜色清新，还能自己调键盘背光颜色。",预售V98Pro Box冰淇淋轴Pro 海盐
5,很好很好非常好 舒适度;键盘润滑很舒服键程短，反债快，打字声音小。打宇不累 外观颜值 挺好 rgb灯光 很好看 响应速度;反应很快，24g 与有线反应速度差不多,预定V98Pro Box冰淇淋轴Pro 海盐
6,"舒适度：非常舒服，声音比较小，适合在宿舍里面玩
操作难度：基本没有，上手就行
外观颜值：颜值不错，很洁净，挺喜欢的
响应速度：很快的，直接使用2.4G链接，没有感觉到延迟",预售V98Pro Box冰淇淋轴Pro 海盐
7,键盘很不错。小白直接退烧。灯光很酷，手感很好，键帽配色也很符合我的审美。我是冰激凌pro轴，打字声音不大，还很好听。三段式脚撑，3模，gasket，这个价无敌了。,预售V98Pro Box冰淇淋轴Pro 海盐
8,"耐用度：很不错?，电池完全够用
舒适度：键帽不起油，摸起来很舒服
操作难度：有说明书，介绍得很清楚
外观颜值：很耐看
响应速度：用蓝牙玩游戏感觉不到延迟。",预售V98Pro 蒸汽波轴Pro 海盐
9,"耐用度：上手质量非常不错
舒适度：新鲜的蒸汽波轴，可以看出vgn游戏动力还是有两把刷子的，视频可看出有点小麻将音了，这个轴非常之软，推荐打字党使用。键帽表面处理也非常的丝滑，使用舒适
外观颜值：海盐的颜值很耐打，拍出来字体可能有一点不清晰，但是实际使用已经很明显，并不费眼
操作难度：使用整体顺畅，2.4的连接也很棒总之目前无敌的一把键盘，看得出游戏动力把预算全放在键盘上了",预售V98Pro 蒸汽波轴Pro 海盐
10,"耐用度：399的三模 ，gasket结构 、这配置碓料 、可以说性价比很高了。
舒适度：用起来还不错 box冰淇淋轴 香喷喷
操作难度：简单易上手
外观颜值：海盐yyds 黑加仑也不错 各有千秋",预售V98Pro Box冰淇淋轴Pro 海盐
1,键盘非常nice，打字特别好用，键盘润滑很舒服，很好用，键程短，反馈快，限定配色非常好看，rgb灯光也很不错，两段式脚撑和隐藏接收器的设计很棒，很不错的一款键盘,预售V98Pro Box冰淇淋轴Pro努巴尼源限定
2,"耐用度：非常耐用
舒适度：手感很好
操作难度：操作简单
外观颜值：非常漂亮的键盘
响应速度：基本没有延迟",预售V98Pro Box冰淇淋轴Pro 海盐
3,"耐用度：目前来看键盘挺耐用
舒适度：很舒服，敲击感挺适合我
操作难度：问题不大
外观颜值：颜值很高，海盐外观",预售V98Pro Box冰淇淋轴Pro 海盐
4,"耐用度：好用
舒适度：超级舒适
外观颜值：nice
响应速度：非常快 三模不论哪个都很快

属于是性价比无敌了，好看又好用，打字非常舒服，堆料确实足，值得推荐！",预售V98Pro Box冰淇淋轴Pro 海盐
5,"外观颜值：颜值很高，海盐的配色也非常好看。
舒适度：很舒服
响应速度：很快，蓝牙和2.4g也感受不到任何延迟。
手感也非常好，冰淇淋pro轴非常好用，全pom材质，官方零售价甚至达到4元。
总之，键盘使用非常好。",预售V98Pro Box冰淇淋轴Pro 海盐
6,我觉得键盘非常好，成色很好，手感无敌，快递也非常快，昨天晚上发货的，今天下午就到了，总之，键盘非常好值得购买,预售V98Pro Box冰淇淋轴Pro 海盐
7,"耐用度：耐用，颜值高，手感好
舒适度：冰淇淋轴yyds，手感太舒服了
操作难度：上手体验好
外观颜值：外观颜值小清新风格，百搭耐看
响应速度：很快",预售V98Pro Box冰淇淋轴Pro 海盐
8,"操作难度：到手即用  大键调教的非常舒服  凯华的冰激淋box真没让人失望的   非常非常可以   打字爽翻
外观颜值：颜值实打实长在心上   黑加仑yyds好吧
耐用度：非常的不错   重量质感很好  属于不会让人失望的期间水桶
响应速度：2.4的无线不会让你失望 性价比拉满",预售V98Pro Box冰淇淋轴Pro 黑加仑
9,"这款机械键盘真的是好用，很漂亮,手感还非常棒,打字的时候声音也不大,键位回弹特别舒服,真的很喜欢，包装也很不错,附送的换健工具也很好用,以后DIY很方便,推荐!",预售V98Pro Box冰淇淋轴Pro 海盐
10,键盘整体颜值很不错 清新自然 而且手感很好 整体堆料厚实 性价比很高 键帽做工细腻 轴体丝滑 支持多种的链接模式很方便 总体来说是一把值得推荐的键盘 很满意这次的购物 有了这把键盘真的对于我学习有莫大的帮助,预售V98Pro Box冰淇淋轴Pro 海盐
1,"外观颜值：颜值超赞的
操作难度：操作丝滑
耐用度：三模热拔插，腻了还可以换轴玩，能用挺久感觉。
舒适度：大键声音给大家听一下",预售V98Pro Box冰淇淋轴Pro 海盐
2,"虽然还没拆，但感觉还行，希望不会翻车
。。。。。。。。。。。。",预售V98Pro Box冰淇淋轴Pro 黑加仑
3,期待已久的键盘终于到了，一到手就迫不及待试了试手感，真的是很棒，声音好听，按键利落干脆，键帽也不松动，外观也十分有气质，整体非常不错，没有辜负我的期待。,预售V98Pro 蒸汽波轴Pro 海盐
4,"耐用度：非常好
舒适度：很舒服 手感好
操作难度：操作简单 轴体素质高
外观颜值：灯光很亮 外观很喜欢
响应速度：响应速度很快 很跟手
真的是一款素质很高的键盘 性价比极高 推荐推荐！",预售V98Pro Box冰淇淋轴Pro 海盐
5,"虽然等了半个月，但是真的挺香的
舒适度：冰淇淋的手感很不错，声音还不错
外观颜值：蓝紫配色很好看，配上灯光很好看
响应速度：反应快，用起来顺手
操作难度：上手即可，驱动去官网下载
耐用度：8000毫安的电池，续航yyds",预售V98Pro Box冰淇淋轴Pro 海盐
6,超级好用 配色绝绝子 真的超级好用 连接极其迅速 电池贼耐用 赠送的东西也都很用心 没有一点毛病 超级合适 超级好用,预售V98Pro Box冰淇淋轴Pro努巴尼源限定
7,"耐用度：刚用一周目前一切正常

舒适度：键帽高度非常舒适，冰激淋轴体验很好，声音很集中。
外观颜值：海盐色的外观很漂亮，白色套件到后期也可以百搭键帽。
响应速度：蓝牙切换速度还是非常快的，但是休眠状态下需要点击键盘才能启用，目前到手打字偶尔会丢键，后续再慢慢观察吧。

总之键盘性价比极高，我是1号直播间入的，感觉还是很值。",预售V98Pro Box冰淇淋轴Pro 海盐
8,"疫情晚到手了几天，总体感觉还不错
耐用度：很好，很棒
舒适度：挺舒服的
操作难度：简单打字打游戏很棒
外观颜值：很好看，朋友们都觉得好看
响应速度：很快，三模都感觉很不错",预售V98Pro 蒸汽波轴Pro 海盐
9,等了快一个月总算到手了，非常漂亮，手感非常好，用起来很舒服，三种模式都非常好用。灯光照着说明书研究了会，也很棒。总之各方面都非常不错。,预售V98Pro Box冰淇淋轴Pro 黑加仑
10,键盘收到了，非常满意，外观漂亮，很有清新的感觉。而且按键什么的也很舒服，响应速度很快，感觉不到延迟，轴体不错，声音好听无杂音，送的东西很全，包括空格的增补键帽，我也很满意，用上之后颜值更上一个档次。总之，是一次很满意的购物，好评！,预售V98Pro 蒸汽波轴Pro 海盐
1,"外观颜值：满分?
耐用度：耐c
舒适度：舒服的冰淇淋轴声音很好
操作难度：没难度，舒服",预售V98Pro Box冰淇淋轴Pro 海盐
2,"响应速度：这把键盘上手体验极佳键程较短回馈快，静音效果不错。
耐用度：8000的超大电池，续航很强
舒适度：键帽pbt材质，触感舒服，字迹清晰，mda高度，人体工学设计，打字不累。
外观颜值：黑加仑配色，沉稳，我觉得是最好看的配色。

拿到手后的实际体验真是远超我的预期，这个价位直接冲就完事了！",预售V98Pro Box冰淇淋轴Pro 黑加仑
3,键盘很不错，性价比很高，黑加仑配色很好看，蒸汽波pro声音好听，大键到手即用，完美下车,预售V98Pro 蒸汽波轴Pro 黑加仑
4,"外观颜值：挺好看的，也耐脏
响应速度：很快，按下去就可以触发
操作难度：挺简单，有单独的物理切换开关
舒适度：按起来挺舒服的，手感很好
耐用度：应该很耐用，毕竟机械键盘都挺耐用",预售V98Pro Box冰淇淋轴Pro努巴尼源限定
5,收到后立刻打开试了试，非常舒服，综合下来没有翻车，同时在用金粉和mx冰薄荷，个人比较喜欢这个轴的声音和手感，未来一段时间码字的主力键盘了，游戏动力这波真的可以！,预售V98Pro Box冰淇淋轴Pro 海盐
6,"耐用度：非常好，用起来很舒服， 舒适度：非常好，很舒服，不会觉得累
操作难度：简单易上手
外观颜值：颜值非常经典，质感非常好，不劣质
响应速度：无线也非常快几乎没有延迟，反应嘎嘎迅速
舒适度：舒适除非高，用起来很舒服",预售V98Pro Box冰淇淋轴Pro 黑加仑
7,"外观颜值：非常棒，很清新的感觉
舒适度：冰淇淋轴真的非常软，长时间打字也不会累
耐用度：用一段时间后再来追评",预售V98Pro Box冰淇淋轴Pro 海盐
8,"耐用度：非常好
舒适度：好用极了
操作难度：操作难度适中，键盘很好 符合单手操控 但是一些需要组合键的游戏玩起来会比较反人类，需要自己手动编程，客服虽然懂得不是很多，但是服务态度很好，可以第一时间给我解答，物流也很快，颜值蛮高的
外观颜值：外观很好看，颜值很高，真的好用
响应速度：响应速度很快，2.4g连接也很快，没什么延迟，买的第二个机械键盘，第一个是黑轴的，玩游戏还行，现在工作了码字比较多又追求节奏感，就入了青轴，好价位，好质量，除了FN剩下的全键都可以自定义，包括自定义宏或者改键，非常棒了。貌似还支持蓝牙连接，但我是拿来给PS4转换器用的，所以就用不到蓝牙了",预售V98Pro 蒸汽波轴Pro 黑加仑
9,整体感觉下来下来非常好，蒸汽波我还拆开看了下，没啥问题，声音响亮，顺滑度不错，上手敲的感觉超值这个价位的。键帽整体品质过关，不会有什么塑料感，质感强，整体做工非常不错的。大键调教得出色，很什么好改的。新手入门强力推荐。,预售V98Pro 蒸汽波轴Pro 黑加仑
10,"耐用度：非常nice手感很好，电池很大
舒适度：打字起来很舒适，玩游戏舒适
外观颜值：海盐加上自定义背光好看
响应速度：很快目前2.4和蓝牙都很快
性价比超高，等了十多天",预售V98Pro Box冰淇淋轴Pro 海盐
1,等了足足半个月终于收到货了?，赶紧去快递站拿了上手一番，手感上，可能平时青轴用习惯了，感觉很轻，声音听起来也很舒适，没以前那么吵了，三模也试了，说实话用起来真的很方便，灯光也很炫，有很多模式，总的来说还是一把十分不错的键盘。,预售V98Pro Box冰淇淋轴Pro 海盐
2,键盘刚到手感觉很有重量，质感还是不错的，再注意注意细节就更好了，第一次用冰淇淋轴，轴润的还是不错的，声音还很好听，因为爱玩游戏就选择了偏向电竞配色的努巴尼源，rgb配上这个色在晚上绝配，总体感受是很好的，安全下车,预售V98Pro Box冰淇淋轴Pro努巴尼源限定
3,"耐用度：键盘很结实，摸起来材质很舒服很丝滑
舒适度：像牵着女孩子的嫩手一样
操作难度：新架构很好适应
外观颜值：肥肠的好康
响应速度：三种连接模式都挺快的，但是建议游戏还是无线和有线，蓝牙有一定延迟适合办公不适合游戏",预售V98Pro Box冰淇淋轴Pro 海盐
4,"舒适度：非常好，冰淇淋轴体，按键反馈明显，手感很舒服
操作难度：操作简单，提供定制的改灯指导和按键定制指导
外观颜值：3拼的颜色，很好看
另外送了一个空格键和备用轴，服务非常到位，一次很值得的购物",预售V98Pro Box冰淇淋轴Pro 海盐
5,"舒适度：触摸起来很舒服，键程短，反馈快，比较静音
操作难度：几个模式连接都很快
外观颜值：黑加仑配色，清新耐看
耐用度：质感很好，性价比很高",预售V98Pro Box冰淇淋轴Pro 黑加仑
6,"舒适度：不错，很好。键盘打字手感舒服。
外观颜值：好看，黑色与绿色配合，不喜欢也可以自己换
响应速度：很快，没问题
操作难度：容易，简单
耐用度：没问题啊",预定V98Pro Box冰淇淋轴Pro努巴尼源限定
7,"耐用度：不错
舒适度：手感特别高，这个轴体很舒服，性价比很高
外观颜值：外观很好看，很有分量
响应速度：手感好，很好的键盘",预售V98Pro 蒸汽波轴Pro 黑加仑
8,"耐用度：挺不错的 hifi
舒适度：键盘大建声很不错 棉花糖轴也好用
操作难度：插上就用很好
外观颜值：海盐真的好看
响应速度：线性轴 相应很快 办公室用也不吵",预售V98Pro Box冰淇淋轴Pro 海盐
9,"耐用度：很好
舒适度：打字很舒服
操作难度：键程短，打字也不累
外观颜值：外观海盐配色非常的喜欢
响应速度：响应挺快的，打字手感很舒服",预定V98Pro Box冰淇淋轴Pro 黑加仑
10,虽然过了20天才拿到键盘，不过键盘到手的那一刻还是觉得20天的等待还是值得的，按键声音很小，键帽触感很舒服，灯光效果很亮丽，看上去赏心悦目，也没啥小毛病，算是安全上车了。,预售V98Pro Box冰淇淋轴Pro 海盐
1,我不是发烧友，只是单纯的喜欢看键盘圈的，听说这款是卷王，就下单买一个试试，因为疫情本来早就到了的结果没有送到，今天才拿到，开箱后马上上手使用，感受真的比我旧的好，声音也好听，我有两个键盘61的87的，这款刚好补充了我没有带数字键的，完美，反正又好看，打字声音也好听，比我前两个键盘都好看，嘿嘿嘿，强烈推荐！！！,预售V98Pro Box冰淇淋轴Pro 海盐
2,这个黑绿配色真好看，十分赛博朋克。键盘也是我心中完美的摸样：高端轴体，有设计感的键帽，紧凑配列，第一梯队的大键，三模RGB。应有尽有，卷王名负其实。,预售V98Pro Box冰淇淋轴Pro努巴尼源限定
3,收到货很惊喜，包装十分到位，无论是初步的触感、 手感还是实际的使用体验都很惊艳，冰淇淋轴还是很顺滑，对于一直用黑轴的我来说，触感非常轻盈，很舒服，无论是用来打游戏还是办公都很合适，性价比拉满。,预售V98Pro Box冰淇淋轴Pro 黑加仑
4,"耐用度：8000毫安电池续航确实可以
舒适度：非常舒适，冰淇淋pro使用起来声音很小
操作难度：简单易操作
外观颜值：海盐配色挺不错的，清新好看
响应速度：响应速度快。2.4g接收感觉和有线差不多，基本没有延迟。
很不错的选择，非常不错，到手即用，耐用度很好，键盘润滑油很多。人体工学设计，打字不累。外观颜值好看，清新蓝紫配色，rbg灯光很好看，这外观样子挺get到我",预售V98Pro Box冰淇淋轴Pro 海盐
5,"耐用度：很厚实，感觉能用蛮久
舒适度：手感超级好
外观颜值：非常好看
响应速度：没有延迟
很喜欢的一款键盘，很好看，虽然有点小插曲，但键盘确实很好",预售V98Pro 蒸汽波轴Pro 黑加仑
6,"耐用度：键盘很好用，声音也好听，顺滑度真的不错了。手感用起来非常不错。
舒适度：键盘高度不高，打字也不累
操作难度：不难操作
外观颜值：外观很喜欢，感觉颜值很高了已经。",预售V98Pro Box冰淇淋轴Pro 黑加仑
7,鼠标和键盘同一天到了，太帅了，颜值完美，手感非常奈斯，还是我最喜欢的线性轴，虽然玩过的轴不多，但是凯华的冰淇淋轴确实丝滑，声音不会很沉闷，很好听，搭配VGN自家的鼠标垫香的一批，期待后面有更心动的产品也这么卷哈哈,预售V98Pro Box冰淇淋轴Pro 海盐
8,很值的一把键盘，堆料特别足，买的box冰淇淋轴版本，十分顺滑，声音也较小，使用感受比较舒服。这个价格配上冰淇淋的轴体确实划算，而且大容量锂电池如果不开RGB的话续航特别长，开了RGB也有一定续航。等了好久才收到货，到手使用后觉得还是值得的。,预售V98Pro Box冰淇淋轴Pro 黑加仑
9,作为年度卷王！无脑冲是没错的！就是等得有点久，到手还是相当的值得的！本来是定了两把，后悔应该坚定些的，冰激凌轴手感超级棒，无敌啊！声音一致性相当好没网友说的翻车现象，总体来说相当满意，绝对对得起这个价钱！,预售V98Pro Box冰淇淋轴Pro努巴尼源限定
10,"键盘很好用，
舒适度：声音挺小的而且很好听
外观颜值：小清新配色很好看，可调多种灯光模式，超棒
响应速度：蓝牙和无线响应很快",预售V98Pro Box冰淇淋轴Pro 海盐
1,"耐用度：pbt键帽，三模无线连接基本没有延迟
舒适度：mda高度键帽手感非常棒
外观颜值：颜值满分，配色很喜欢
响应速度：响应速度很快，基本无缝丝滑链接，非常满意",预售V98Pro 蒸汽波轴Pro 黑加仑
2,"外观颜值：实物比照片好看，很清新的配色，越看越喜欢！灯光比较柔和，是我喜欢的亮度，特别喜欢百花争艳这个灯光效果，和键盘配色很搭。
舒适度：按键触感舒适，按压顺滑不费力，打字体验感不错。
操作难度：说明书还是挺详细的，操作基本无压力。
响应速度：蓝牙连接、切换都挺顺畅的，在不同设备之间切换打字很方便。",预售V98Pro Box冰淇淋轴Pro 海盐
3,"第一把客制化键盘很满意，外观很喜欢，按键顺滑度也很好
外观颜值：很喜欢这个黑加仑配色比较像游戏里的紫水晶很好看
响应速度：响应速度很快
舒适度：舒适度：用起来很舒适，按键声音 也很好听",预售V98Pro 蒸汽波轴Pro 黑加仑
4,"等了20多天终于到货了，从外观上来看还是挺不错的。
外观颜值：黑绿白配色我感觉还是很好看的，也比较耐看
响应速度：从打字上面感觉我正常有线连接的没感觉到很明显的延迟（平时主要打字敲代码）
操作难度：自带厂润，大键无需调教（个人感觉），到手即用",预售V98Pro Box冰淇淋轴Pro努巴尼源限定
5,终于是到了，一号拍的，十三号到货，虽然时间长，但是我还有达尔优a98，御斧y98，铝厂f97，所以不急，拿来对比下。总体很好，这波很内卷，驱动还没试，键帽我比较喜欢这种大点的，声音也很不错，值得等待。,预售V98Pro Box冰淇淋轴Pro 海盐
6,"舒适度：非常舒适，按键声音，力度都适中

操作难度：带上说明书大部分问题都可以解决
外观颜值：非常好，就看上了配色
响应速度：非常快",预售V98Pro Box冰淇淋轴Pro 海盐
7,"耐用度：高
舒适度：很巴适
外观颜值：限定外观颜值在线
响应速度：很快
东西和买之前的预期一样好，达到了自己的理想效果，物超所值的一款产品，值得购买。",预售V98Pro Box冰淇淋轴Pro努巴尼源限定
8,"舒适度：很好，键盘声音不错，键盘比想的重很多
操作难度：连接顺畅，问题在于切换的时候三个档位的区分感不强
外观颜值：好看，可以看图
响应速度：很快，感受不到延迟",预定V98Pro Box冰淇淋轴Pro 海盐
9,"外观颜值：没得说，实物实在太漂亮了
舒适度：键帽很舒服，手感一级棒
响应速度：1000hz回报，很好

总体来说是一款非常不错的键盘，不管是价格也好，还是配置也好，很值得入手，就是图和实物是真的不一样，包括视频的声音和实物的声音也不同，很完美～",预售V98Pro Box冰淇淋轴Pro努巴尼源限定
10,"耐用度：非常耐用 键帽非常舒服
舒适度：键帽手感非常好 可以闭眼入
操作难度：蒸汽波Pro 真的好用 声音好听 大键 看过 虽然润滑很少  但是 毫无杂音
外观颜值：这个配色最好看 男生闭眼入",预售V98Pro 蒸汽波轴Pro 黑加仑
1,"耐用度：凯华的轴一向很稳定，而且还送了3个轴
外观颜值：外观非常好看，比较小清新
舒适度：不得不说冰淇淋轴手感相当可以，回弹迅速且线性
响应速度：运气比较好，有线，无线，2.4g都能正常使用，延迟也不高
总结：性价比之王，买轴送键盘，要啥自行车",预售V98Pro Box冰淇淋轴Pro 海盐
2,"耐用度：键盘用料满满，拿在手里很有份量
舒适度：MDA高度敲起来很舒服，PBT键帽对于我这种汉手玩家也很友好，键盘填充很足，空腔音微乎其微
外观颜值：黑加仑配色实物看起来比图片好看，配色也很不错
响应速度：轴体很润，回弹快，蓝牙模式下按键响应也很快
操作难度：对于我这种机械键盘的新手来说完全够用，对我来说从发烧到退烧一步到位",预售V98Pro 蒸汽波轴Pro 黑加仑
3,"收到了！！！
配色很漂亮 键盘整体很重很有分量 键盘声很好听 冰淇淋轴很不错 表现很好 感觉比金粉v2有力 又没有金粉的声音碎
给的额外空格很好看 大键微肉但是敲起来很舒服 喜欢闷闷声音的??
对了 原装空格是反的 自己倒一下就行了 
很满足的购物了 399要什么自行车",预售V98Pro Box冰淇淋轴Pro 海盐
4,包装很厚实，冰淇淋静音轴挺好用的。。。打字声音很清脆。打字：特别好用，耐用度:非常好 舒适度：键盘润滑很舒服，很好用 操作难度:键程短，反馈快，打字声音小。人体工学设计，打字不累 外观颜值：海盐蓝紫配色，小清新，非常好看。rgb灯光很好看响应速度：反应很快，2.4g与有线反应速度差不多，用起来很顺手。,预售V98Pro Box冰淇淋轴Pro努巴尼源限定
5,"大键表现优秀，灯光效果较好，键帽手感一流。
舒适度：高度合适，手感一流
外观颜值：配色好看，颜值很好
响应速度：1000hz响应速度，游戏无忧
耐用度：8000毫安时大电池，续航能力满分",预售V98Pro Box冰淇淋轴Pro努巴尼源限定
6,大件宝贝真不错，做的真细心，值得拥有，快递很快宝贝做工真的非常精细，细节真的棒，爱了爱了外观干净漂亮，做工很不错，没发现什么瑕疵，个人感觉大小也挺合适，找了很久选的这款，大爱！大键位个人觉得很棒,预售V98Pro Box冰淇淋轴Pro 海盐
7,"买的预售版本，完美下车，原厂空格正装会卡键帽，送的热升华键帽正装反装都没问题
纯纯堆料狂魔，8000毫安大电池、三模RGB热插拔、poron夹心棉、ixpe轴下垫、硅胶底垫、MDA高度二色PBT材质球帽，三段式开关，接收器收纳仓，可以说能想到的它都给到我了，就算天王老子来了，它也是年度卷王",预售V98Pro 蒸汽波轴Pro 海盐
8,"键盘厂润非常舒适，打字声音好听而且比较小，反馈快
人体工学设计，打字不累 外观颜值： 蓝紫配色，小清新，非常好看。rgb灯光很好看 响应速度;反应很快，蓝牙、2.4g与有线反应速度差不多，用起来很顺手，很喜欢",预售V98Pro Box冰淇淋轴Pro 海盐
9,好用，很好，非常舒键盘润滑很舒服，键程短，反馈快，打字声音我比较喜欢。人体工学设计，打字不累外观颜值挺高的，蓝紫配色，非常好看。 rgb 灯光很好看，响应速度快，反应很快，2.4g与有线反应速度差不多，用起来很顺手。,预售V98Pro Box冰淇淋轴Pro 海盐
10,"声音真的好好听，软绵绵的，颜值还是非常高的  非常满意！
耐用度：非常好用
舒适度：很合手
操作难度：简单  有说明书
外观颜值：美美的清纯配色  海盐
响应速度：瞬间",预售V98Pro Box冰淇淋轴Pro 海盐
1,键盘这颜值没得说，非常漂亮。性价比很高，凯华box轴很可以，办公游戏一体化都可以。额&hellip;&hellip;..还有&hellip;..总之非常不错。就是买这把键盘需要耐心&hellip;&hellip;..非常舒服,预售V98Pro Box冰淇淋轴Pro 黑加仑
2,高颜值，高品质，非常好，一分钱一分货，材质外观和质量一看就很上档次，非常喜欢。套件素质可以，到手即用，填充拉满，蒸汽波pro也是一款具有适应性的轴体，手感棒，声音尖脆,预售V98Pro 蒸汽波轴Pro 黑加仑
3,个人觉得很好用，rgb灯光特好看，按键反应很快，打字不累，用来打游戏手感绝了，海盐颜值很高，房间暗点字符也都很清楚，晚上看也能看得清楚，不用再盲打了，操作手感不错，很喜欢，用的挺爽的，很值得买。,预定V98Pro 蒸汽波轴Pro 海盐
4,"耐用度：耐用，结实
舒适度：键盘手感很好，响应速度很快
操作难度：操作简单，驱动去官网直接就能下载
外观颜值：海盐键帽很好看，赠送的空格键帽装上很搭
正好赶在我生日这天到，很nice?",预售V98Pro Box冰淇淋轴Pro 海盐
5,声音非常小，没有杂音，比我之前买的Akko的98键金粉轴好太多了，手感不错，大键也很稳，2.4g连接也很稳定，总体来说绝对物超所值,预售V98Pro Box冰淇淋轴Pro 海盐
6,"舒适度：非常好
操作难度：简单
外观颜值：很好看
响应速度：很快
性价比超高的一把键盘，一号下单今天终于到了，一拿到就直接使用，手感很棒，整体颜值也很好看，gasket结构，键盘内部填充也很棒，还有炫酷的RGB，三模切换也很方便，总之是一款很值得购买的键盘。",预售V98Pro Box冰淇淋轴Pro 海盐
7,"外观颜值：外观第一眼很惊艳，非常不错
舒适度：冰淇淋轴pro真的顺滑
大键声音也不错，挺满意的?",预售V98Pro Box冰淇淋轴Pro 海盐
8,键盘包装很严实，整体配色很喜欢，实物更惊艳，大键声音没有杂音，冰淇淋轴声音很HiFi，码字也很舒服，整体很满意。,预售V98Pro Box冰淇淋轴Pro 海盐
9,"舒适度：超级好用，等这么久是值得的
外观颜值：好看好看，很清凉，适合夏天看哈哈哈
响应速度：2.4g延迟很低，几本感受不到
rgb挺弱的，但不影响哈哈哈，关灯能看见就行；第一次用300以上的键盘，vgn针不戳，等待了28天是值得的，打起字来好爽",预售V98Pro 蒸汽波轴Pro 海盐
10,"外观颜值：非常精致，配色清新
耐用度：看着挺结实的，分量十足
舒适度：键帽不打滑，手感很棒，
响应速度：非常快，几乎感觉不到延迟，性价非常高，值得购买",预售V98Pro Box冰淇淋轴Pro 海盐
1,等了好久终于等到。入手立刻就使用了，手感很舒服，声音也不错，第一次用客制化键盘，很满足，还可以换轴和键帽，针不戳,预售V98Pro 蒸汽波轴Pro 海盐
2,"舒适度：非常舒服，比之前用的樱桃红轴软很多。

操作难度：非常简单，有说明书。
外观颜值：很好看啊。
响应速度：非常快。
第一把客制化键盘，体验非常好，感觉这把键盘性价比拉满了，手感也不错，非常惊喜，就是预售的等了挺久。",预售V98Pro Box冰淇淋轴Pro努巴尼源限定
3,"键盘润滑很舒服，很好用键程短，反馈快，打字声音小。人体工学设计，打字不累,小清新非常好看。rgb灯光很还行，2.4g与有线反应速度差不多，用起来很顺手",预售V98Pro 蒸汽波轴Pro 海盐
4,配色很漂亮，做工也挺好的，键帽没有毛边，还有驱动有特别多的颜色可调，卫星轴和大键的质感很好，买的蒸汽波轴打游戏也不得，打字也挺舒服的。性价比特别高的键盘,预售V98Pro 蒸汽波轴Pro 海盐
5,出乎意料，比我之前用的键盘都要好，这个轴体声音不大，手感也很舒服，键帽摸起来也很舒服，三模功能都试过了，正常，外观也很好看,预售V98Pro Box冰淇淋轴Pro 海盐
6,颜值外观深得我心，到货第一时间上机使用，用下来很舒服，按键手感好，声音好听，回弹舒服，三模也很方便，2.4切蓝牙响应也快，没毛病，其他的后续使用再看看。用了8年的阿米洛总算可以退休了，哈哈哈,预售V98Pro Box冰淇淋轴Pro 海盐
7,"键盘很好用 可惜没抢到现货，买的预定等了好久.
舒适度：按键声音好很多比我之前的好多了
外观颜值：外观很漂亮
响应速度：速度很快",预售V98Pro Box冰淇淋轴Pro 海盐
8,"等了20天终于收到
顺丰物流满分，打包的很结实，次日达
手感：非常棒，让人爱上打字的感觉
外观：做工精细，配色绝佳
响应：3模连接，无延迟
灯光：下载官网驱动，自定义灯光，满足光污染
总结，不亏是年度卷王??！",预售V98Pro Box冰淇淋轴Pro 海盐
9,"耐用度：8000毫安电池容量十分充足
舒适度：操作十分舒适
操作难度：打开插插上即用，十分方便
外观颜值：努巴尼源配色的颜值十分在线，特别耐看
响应速度：:响应很快，延迟很小，键盘很顺滑
操作起来比较轻便顺手，98键位的键盘放在桌子上也不占多少空间，就喜欢这种的，非常实用，体验强，非常开心",预售V98Pro Box冰淇淋轴Pro努巴尼源限定
10,好用，性价比很高，手感舒适，声音好听并且声音不是很大，不会吵，打字不累，外观好看，三模切换速度很快蓝白紫色颜值很高，用起来很顺手。,预售V98Pro Box冰淇淋轴Pro 海盐
1,"还挺不错。
耐用度：可以到手用。
舒适度：舒服。
操作难度：对新手很好。
外观颜值：小清新，好看，不挑人。
响应速度：人体工程学，打字不累。",预售V98Pro 蒸汽波轴Pro 黑加仑
2,键盘非常不错5，海盐***的很好看，声音也非常非常的好听，有麻将音，冰淇淋轴非常丝滑，软弹，gasket结构也很软弹，总体来说性价比超级高，推荐大家无脑入手。,预售V98Pro Box冰淇淋轴Pro 海盐
3,一次非常满意的键盘体验，打字特别好用，也非常耐用，键盘润滑很舒服，很好用，操作难度，键程短，反馈快，打字声音小，人体工学设计，打字不累，外观颜值，限定配色非常好看，rgb灯光也很不错，相应速度，反应肯快，2.4g、蓝牙反应很快，用起来很顺手，希望国产键盘越来越好。,预售V98Pro Box冰淇淋轴Pro努巴尼源限定
4,"耐用度：键帽和粥挺好用的
舒适度：按键手感很好
操作难度：简单易上手，几乎没有上手难度，毕竟是成品
外观颜值：黑加仑yyds，实物真的挺好看的
响应速度：无线延迟低，还可以插线",预售V98Pro Box冰淇淋轴Pro 黑加仑
5,小白入坑机械键盘第一件，很不错，大键小键表现都很好，声音也很不错，卷起来哈哈哈哈，看看vgn什么时候出个68，还会支持的??&zwj;♂?,预售V98Pro Box冰淇淋轴Pro 黑加仑
6,23年卷王！做工还可以，没网上说的那么拉，小狐狸轴体声音太好听了！手感相当好，打字上瘾，本来打算冰淇淋轴的，最后买了极地狐，喜欢！,新配色V98Pro 极地狐轴 限定款（预售） 
7,整体手感还算可以，这个极地狐轴和知夏轴区别不大，这套键帽好评，颜值很戳中我。,新配色V98Pro 极地狐轴 限定款（预售） 
8,入坑即退烧，耐用度;很好 舒适度∶很好用 操作难度:键程短，反馈快打字不累 外观颜值： 蓝紫配色，小清新，非常好看。rgb灯光很好看 响应速度;反应很快，2.4g与有线反应速度 差不多，用起来很顺手，值这个价格，会有漏光的小毛病,预售V98Pro Box冰淇淋轴Pro 海盐
9,"外观颜值：小清新，个人很喜欢
舒适度：mda高度键帽触感细腻，整体质感不输双十一购买的cmk99
响应速度：2.4G和有线基本没区别
使用了半天，整体感受可以说是非常好，适配mac， 无线体验很棒，大键出色，400的价位可以说是非常的超值",预售V98Pro Box冰淇淋轴Pro 海盐
10,"外观颜值：努巴尼源非常好看！刚刚下载了驱动调下rgb 不是特别亮但足够用了
舒适度：冰激凌轴手感也很出色按下去很舒服 声音也不吵 
响应速度：试了试三模连接 响应速度都很快",预售V98Pro Box冰淇淋轴Pro努巴尼源限定
1,终于到手了，期待好久啦！品控完全没有问题，发货之后物流还算快的，冰淇淋轴很顺滑！手感也不错，声音不大。颜值也很抗打，主要是这个性价比太卷了！,预售V98Pro Box冰淇淋轴Pro 海盐
2,用了一段时间，感觉还不错，键盘手感很好，外观也可以，RGB炫酷，三模切换也非常实用。,预售V98Pro Box冰淇淋轴Pro 海盐
3,"键盘的配色非常好看，设计也很ok，尤其是三模切换那个设计，直接可以一键完成。
关于其他问题，到手即用，耐用度:很好 舒适度:键盘润滑油很多，很好用 操作难度:键程短，反馈快，打字声音小。人体工学设计，打字一点也不累 。",预售V98Pro Box冰淇淋轴Pro努巴尼源限定
4,不错，打字声音很清脆。打字：特别好用，耐用度:非常好 舒适度：键盘润滑很舒服，很好用 操作难度：键程短反馈快，打字声音小。人体工学设计，打字不累 外观颜值：海盐蓝紫配色，小清新，非常好看。rgb灯光很好看响应速度：反应很快，2.4g与有线反应速度差不多，用起来很顺手。,预售V98Pro Box冰淇淋轴Pro努巴尼源限定
5,手感也太棒啦！很有质感！而且冰淇淋轴的声音也很小，很适合在办公室用，也不会吵到别人！配色也好好看！键帽高度比199那个舒服一点，不容易误触。爱了爱了！,预售V98Pro Box冰淇淋轴Pro 海盐
6,"外观颜值：小清新配色很喜欢，增补键帽好看
响应速度：2.4g没什么延迟，响应速度快
舒适度：手感一级棒，声音好听
耐用度：还没用坏过机械键盘，热插拔随时换轴，不用担心",预售V98Pro 蒸汽波轴Pro 海盐
7,"舒适度：键盘润滑的很好
外观颜值：蓝紫配色、小清新、非常好看，rgb灯非常炫酷
响应速度：2.4g与有线反应速度差不多，用起来很顺手
操作难度：键程短、反馈快，打字声音小，人体工程学打字不累",预售V98Pro Box冰淇淋轴Pro 海盐
8,"已经用了将近一个月了，感觉还行。
耐用度:非常好
舒适度:冰淇淋轴跟手
操作难度:2.4g，蓝牙都没什么延迟，我是感觉不到
外观颜值:黑加仑是真的好看，颜值很高，比预期的还要好,无论是触感、手感还是使用体验都很惊艳，冰淇轴加上充足的填充,感觉键盘非常奈斯,非常不错
响应速度:很快",预售V98Pro Box冰淇淋轴Pro 黑加仑
9,"耐用度：挺好的，感觉分量很足
舒适度：还不错，键帽手感还可以
操作难度：即插即用，挺方便的
外观颜值：我还挺喜欢
响应速度：用的有线，没用无线
总的来说，挺不错的，很喜欢捏",预售V98Pro 蒸汽波轴Pro 黑加仑
10,"很好，轴按起来的声音很喜欢，大键也很不错，省的自己在调了，懒得在折腾了，这把挺不错的，一步到位
外观颜值：好看
操作难度：简单
舒适度：很好",预售V98Pro Box冰淇淋轴Pro 海盐
1,发货实在是太慢了，和之前说的不太符合。老实说键盘还是挺不错的，性价比很高，声音手感都还可以，主要是电池容量确实挺大，三模也很方便。,预售V98Pro Box冰淇淋轴Pro 海盐
2,"耐用度：耐用度：box冰淇淋pro 寿命很长
舒适度：手感很好，声音好听
操作难度：压力克数小，打字游戏都不累
外观颜值：努巴尼版真的好看，黑绿绝配
响应速度：响应快感觉不到延迟，无线和有线差不多",预售V98Pro Box冰淇淋轴Pro努巴尼源限定
3,第一次买机械键盘，键盘很满意。但店家的服务有待提高,预定V98Pro 蒸汽波轴Pro 黑加仑
4,预购买的，当时场面比较火爆，虽然等了半个月，不过挺值的，用着手感不错，做工也很好，主要是电量大，续航时间长，键程短，反馈快，打字声音小，打字不累，外观配色非常好看。rgb灯光很好看 响应速度很快，2.4g与有线反应速度差不多，延迟基本无感，用起来很顺手。,预售V98Pro Box冰淇淋轴Pro 海盐
5,"外观颜值:颜值我觉得很好，自己比较喜欢。上图可看
细节舒适度:打字非常流畅，比较喜欢。拿回来用了一会儿，比较满意。
耐用度:键盘没有什么损坏。
响应速度:蓝牙响应速度可以，平时打字比较多，没有感觉延迟，玩游戏也是ok的",预售V98Pro Box冰淇淋轴Pro 海盐
6,"舒适度：敲击起来很舒服，声音很清脆，到手即用，品控还可以，没啥大毛病，这个价位段无敌了。
外观颜值：外观颜值很高，配色很好看，小清新风格。",预售V98Pro 蒸汽波轴Pro 海盐
7,"舒适度：用起来特别舒服，看上去也特别舒服
操作难度：操作简单
外观颜值：颜值没得说，黑加仑yyds
响应速度：键盘很快很灵敏，连无线或蓝牙都没有延迟
从抢购到键盘到货等了那么久，真的物超所值。",预售V98Pro Box冰淇淋轴Pro 黑加仑
8,预售V98Pro蒸汽波轴 Pro 海盐很好，小清新颜值非常喜欢，很喜欢这个轴体用起来很舒服，品控也还不错，三模也试用了段时间，没什么问题，总体来说还是很值得购买的，性价比不错的,预售V98Pro 蒸汽波轴Pro 海盐
9,着彩色的灯光效果也好看。超好看的一款机械键盘，这个颜色真的让我眼前一亮，而且变化多端，非常喜欢。敲击键盘的质感也非常好，手感直上直下，之前朋友买过所以对这个产品还是比较信任的，用着确实感觉可以，我拿来打游戏比较多，体验感不错，很喜欢。到手即用，耐用度:很好舒适度:键盘润滑油很多，很好用操作难度:键程短，反馈快，打字声音小。外观颜值:蓝紫配色，小清新，非常好看。rgb 灯光很好看响应速度:反应很快，2.4g与有线反应速度差不多，用起来很顺手,预售V98Pro 蒸汽波轴Pro 黑加仑
10,"耐用度：整体的做工不错，没有毛刺什么的，很有分量
舒适度：冰淇淋轴非常的顺滑，用起来非常的爽
操作难度：三模的连接方式，适用不同场景
总而言之vgn牛逼！",预售V98Pro Box冰淇淋轴Pro 海盐
1,第一次用机械键盘，而且操作系统还是类unix系统，插上即用。一 次非常满意的键盘体验快一个月的等待还是值得的。打字：人体工学设计， 打字不累。耐用度：非常好 舒适度：键盘润滑很舒服， 很好用 操作难度;键程短，反馈快，打字声音 小。外观颜值：非常清新，很好看。rgb灯光很 好看 响应速度：反应很快，用起来很顺手，希望国产键盘越 来越好。,预售V98Pro 蒸汽波轴Pro 海盐
2,"舒适度：MDA高度键帽很舒适
外观颜值：海盐冰淇淋外观是真的好看，送的键帽也很不错
响应速度：2.4G响应很快，蓝牙切换也很方便，切换速度也很快

冰淇淋PRO轴声音很好听，大键卫星轴做的也很好，399的价格真的性价比拉满，追求性价比的小伙伴冲冲冲！",预售V98Pro Box冰淇淋轴Pro 海盐
3,键盘质感非常好，绝对是这个价格的天花板，box冰激凌轴真的非常舒服，我感觉比快银，灰木v3都要舒服，目前用到的最舒服的线性轴。最后一把键盘了，退坑了，完美！,预售V98Pro Box冰淇淋轴Pro 海盐
4,"非常满意,不往让我等了半个月，完全超出期望值。这是我购物来让我最满意的一次购物。
舒适度：很舒适
外观颜值：平时很喜欢紫色，黑加仑这个配色，符合我口味",预售V98Pro Box冰淇淋轴Pro 黑加仑
5,1号买的预售终于到货了，第一次买这个结构的键盘，手感很柔软，很舒服，大键位非常的不错，第一梯队，没有杂音，这么长时间没有白等.,预售V98Pro Box冰淇淋轴Pro 黑加仑
6,"好用就完事了，请忽略电脑风扇声首
耐用度;很好很好非常好
舒适度;键盘润滑很舒服，很好用
操作难度;键程短，反债快，打字声音小。人休工学
设计，打宇不累
外观颜值 挺好
小清新，韭常好看。rgb灯光
很好看
响应速度;反应很快，24g 与有线反应速度差不多",预售V98Pro Box冰淇淋轴Pro 黑加仑
7,"舒适度：使用起来流畅舒适

操作难度：简单，而且模式多样

外观颜值：我这款黑加仑配色，实物挺好看的

响应速度：键盘响应速度快，打字很舒服
总的来说这款键盘很满意了，性价比很高，回弹迅速，打字时流畅光滑，冰淇淋轴声音也很好听，推荐这款键盘，挺满意的",预定V98Pro Box冰淇淋轴Pro 黑加仑
8,键盘拿在手里能感受到它的分量。轴体手感丝滑，触发快，声音适中，适合游戏与办公使用，反应速度快2.4g和有线差不多，用起来顺手。快递来的时候保护的很好，键盘包装到位，快递速度也很快，完美符合心中预期，键帽是我后换的，大家原版键帽也看腻了的话，可以换换花样嘿嘿,预售V98Pro 蒸汽波轴Pro 黑加仑
9,发货日期预测的很准，说第2周到第3周，果然17号发的货，18号就拿到了，迫不及待就拿回来拆开了，防护很到位，没有磕了碰了。键盘声音很好听，填充的也很满，几乎没有下沉，大键出厂润的很棒，弯曲什么的也没遇到，底部放到桌子上，按哪个角都不会摇，完美下车，。性价比真的香,预售V98Pro Box冰淇淋轴Pro努巴尼源限定
10,"耐用度：键帽高度很合适，但是因为不是喜欢的颜色，可能会换，
舒适度：手感非常HiFi，顺滑度也还可以，
操作难度：上手要适应，毕竟和全尺寸不同，而且因为偏硬，所以一致性很好，
外观颜值：整体来看非常不错，
响应速度：2.4G打游戏实测没多少延迟，",预售V98Pro 蒸汽波轴Pro 黑加仑
1,"舒适度：很舒服
外观颜值：颜值好看
响应速度：还没测
一号七点五十下的单，今天到的，还可以吧",预售V98Pro Box冰淇淋轴Pro 海盐
2,到手即用，耐用度:很好 舒适度:键盘润滑油很多，大键表现很好，很好用 操作难度:键程短，反馈快，打字声音小。人体工学设计，打字不累 外观颜值:蓝紫配色，小清新，非常好看。rgb灯光很好看响应速度;反应很快，2.4g与有线反应速度差不多，用起来很顺手,预定V98Pro Box冰淇淋轴Pro 海盐
3,耐用度：用了觉得很不错，商品质量好，发货也挺快的，总之就是很赞了真的很好用，对商品非常满意，属于无限回购款，推荐！不得不赞，质量真的好，包装物流也不错。真心喜欢，入手后不会让你后悔的！?赶上做活动的时候买的，这个价格一分钱一分货??，从外观看很美?，材质做工都不错?，感觉买值了，还有物流超级快，点赞！,预定V98Pro Box冰淇淋轴Pro 海盐
4,"耐用度：非常好
舒适度：冰激凌轴声音很舒适，手感很舒服
操作难度：插上线很简单，无线和蓝牙也很方便
外观颜值：海盐配色看着就很舒服
总体来说冰激凌轴硬起来很舒服，比红轴还舒服；键盘颜值很高，可有线可无线，基本无差别；对光要求高的还是劝退，在显示器灯照射下，键盘灯确实不够亮，不过无所谓对我来说很OK。",预售V98Pro Box冰淇淋轴Pro 海盐
5,"耐用度：应该很好
舒适度：非常舒服
操作难度：简单
外观颜值：超级好看(??&omega;??)??爱死了
响应速度：非常好
非常喜欢期待了好久今天到货爱死了爱死了",预售V98Pro Box冰淇淋轴Pro 海盐
6,"舒适度：非常舒适，这个蒸汽波pro真的不错，不准备换轴了，打游戏和打字都很舒服
操作难度：看说明书就可以
外观颜值：很棒，和我的鼠标垫鼠标也很搭
响应速度：非常灵敏，建议使用2.4g，反应嘎嘎迅速
耐用度：希望能用久一些，总之买了不后悔！！！",预售V98Pro 蒸汽波轴Pro 黑加仑
7,"对比了好几款键盘最后选定了v98pro，到货之后体验下来第一感觉：果然没选错。
舒适度：打字打游戏都不累，声音不吵挺舒服，且续航不错，用了一周还是高电量。
外观颜值：挺好
响应速度：很快，1000hz的报告率，没有辜负我一周的等待。",预售V98Pro Box冰淇淋轴Pro 黑加仑
8,虽然等了很久。收到键盘的那一刻还是很开心的。今天的卷王确实不错。颜色很清新。键帽高度码字很舒服。CSGO游戏延迟也很理想。冰淇淋pro很顺滑。手感很绵软舒适。值得指出的是默认的空格键是反装的，而且无法正装，否则无法弹起来。可以换送的空格键正装。整体来说，这个价格各方面都很均衡，确实是年度卷王之王。如果不介意等，真的可以入手。而且是可以退烧的一把键盘。,预售V98Pro Box冰淇淋轴Pro 海盐
9,"响应速度：直接连接2.4感觉没有延迟
外观颜值：很不错
舒适度：声音小 冰淇淋轴润
感觉很不错 物流也很给力第二天就到了",预售V98Pro Box冰淇淋轴Pro 黑加仑
10,"舒适度：轴体非常舒服  键帽也是类肤的总体手感挺好
操作难度：键位少了键盘大小也小了比之前108的键盘用起来方便，不会卡鼠标了。买来用也是图方便
响应速度：2.4接口  玩游戏体验也很好",预售V98Pro Box冰淇淋轴Pro 海盐
1,质量很不错，快递发的还算可以，质感也很好，重量挺沉的，冰淇淋的手感是真的一绝，舒适度绝了，根本不需要自己去调，到手直接就可以开始用，感觉还想买第二把，可惜等不及太久了，很喜欢轴体，物美价廉,预售V98Pro Box冰淇淋轴Pro 海盐
2,"舒适度：用着非常舒服，喜欢这种声音不大有很清透的感觉
外观颜值：还有一个热升华键帽，非常棒
响应速度：非常奈斯，目前为止没有出现短链的情况，看后续使用在追评，要是有问题我会追评的",预售V98Pro Box冰淇淋轴Pro 黑加仑
3,"键盘还是很不错的，性价比也很高，打起字来很丝滑，大键也没有那么肉
外观颜值：高
响应速度：快
舒适度：很舒服，很丝滑。",预定V98Pro Box冰淇淋轴Pro 海盐
4,"键盘的颜值很高，手感也很好，而且灯效也很多
响应速度：2.4g的延迟我反正是感觉不到
舒适度：冰淇淋轴用起来很舒服，在宿舍，这个轴的声音刚刚好",预售V98Pro Box冰淇淋轴Pro 海盐
5,"耐用度：还没用多久 毕竟首发买的嘛 
舒适度：太舒适了 手感很好，跟同事厚润过的声音一样
操作难度：好上手 ，接收器 个切换按钮都很方便
外观颜值：颜值没得说 海盐和黑加仑都好看，目前我们同事都算上已经买了三把了
响应速度：很快呀，蓝牙切换比我的鼠标要快",预售V98Pro Box冰淇淋轴Pro 黑加仑
6,"耐用度：pbt键帽  应该挺耐用的
舒适度：键帽做工感觉比之前的要好点 就是增补有点瑕疵 很滑 很舒服
操作难度：极地狐轴真的性价比非常高  声音表现真心不错 体验不错
外观颜值：很不错  蓝白配色真心不错",V98Pro 极地狐轴 限定款（预售年后发货） 
7,手感非常好，键帽也很稳，声音很小，键程短，适合办公打字，做工很不错，各种功能按键也很方便,预售V98Pro Box冰淇淋轴Pro 黑加仑
8,"耐用度：拿到手很扎实的感觉，沉甸甸的很有质感
舒适度：按键手感非常舒服，做工细腻
操作难度：三模切换挺好用，满足不同环境使用
外观颜值：太好看了，美到天际，和我鼠标绝配
响应速度：不管打字还是游戏都挺爽的

总结：人生的第一把机械键盘，值这个价，vgn98Pro，yes！",预售V98Pro Box冰淇淋轴Pro 海盐
9,"耐用度：不错
舒适度：很好，声音很好听
操作难度：稍微比104键的键位紧一些，适应一下就可以了
外观颜值：完美
响应速度：快，没发现延迟
附加一条，驱动如果能看到电池电量就好了，希望后期更新！",预售V98Pro Box冰淇淋轴Pro努巴尼源限定
10,性价比键盘，2022年最具性价比键盘，吊打各路神仙，配置拉满，消音夹心棉轴下垫，底壳硅胶安排，冰淇淋Pro轴手感优秀，说是努巴尼主题，感觉更像**配色，毒到我了，防尘罩厚实，最主要的是，送的小姐姐贴纸很可爱，加分?,预售V98Pro Box冰淇淋轴Pro努巴尼源限定
1,键盘手感非常润，声音也好听，感觉很棒，让我爱上了打字，打游戏也完全没有问题，颜值也很高，98配列的该有的键都有，结构也紧凑，好长好用的一款键盘！！,预售V98Pro Box冰淇淋轴Pro 黑加仑
2,"舒适度：舒适度：键帽很舒服， 冰淇淋轴声音相对较轻
外观颜值：配色很清新，键盘高度也挺合适
响应速度：测试一遍，键位没问题
心心念念的键盘终于到了，上手非常不错，键盘性价比超高，399冰淇淋轴可以退烧了。",预售V98Pro Box冰淇淋轴Pro 海盐
3,运输保护做的不错，裹得很严实。键帽比较细腻，不会有明显磨砂感。typec槽口做的很大，其他typec数据线可以正常插入。冰激淋轴体验不错，打字键入非常舒适，玩游戏的话反馈感差一点。大键调的很好，稳定，手感一直。400出头的价格当之无愧的今年卷王产品。,预售V98Pro Box冰淇淋轴Pro努巴尼源限定
4,"给力 到位
到手即用，耐用度:很好 舒适度:键盘润滑油很多，很好用 操作难度:键程短，反馈快，打字声音小。人体工学设计，打字不累 外观颜值:蓝紫配色，小清新，非常好看。rgb灯光很好看 响应速度:反应很快，2.4g与有线反应速度差不多，用起来很顺手",预售V98Pro 蒸汽波轴Pro 海盐
5,"超出预期，质量很好，做工精细，满意。
凯华box冰淇淋Pro轴顶级顺滑度，键帽手感也很好，大健不肉，回弹轻快，线性轴，摁压起来就很丝滑，没有任何杂音，钢丝音。配色好看，定制的空格越看越耐看。配件齐全，还额外送3颗轴体。2.4G链接流畅，无线下灯光效果也很好，电池大，续航久。好评，好评！！！",预售V98Pro Box冰淇淋轴Pro 海盐
6,穷学生第一次买这么贵的 感觉非常不错 模热插拔 rgb 8000毫安的电池 gasket结构 消音配置拉满。拿在手里能感受到它的分量。搭载了凯华旗舰轴 冰淇凌pro轴 体，手感丝滑，触发快，声音小，适合游戏与办公使用，反应速度快2.4g和有线差不多，用起来顺手，键盘包装到位，快递速度也很快，完美符合心中预期，666.三模还可以给我的iPad用，不错,预售V98Pro Box冰淇淋轴Pro 黑加仑
7,键盘非常不错   非常软弹   大键的感觉给我也可以接受  毕竟三百块钱  要什么自行车呢 键盘颜值很高  非常抗打     打游戏爽歪歪,预售V98Pro 蒸汽波轴Pro 黑加仑
8,第一次买机械键盘，非常好用，超值！外观干净漂亮，做工很不错，没发现什么瑕疵，个人感觉大小也挺合适，找了很久选的这款，大爱！质量很过关，品质有保障，相当不错的选择，好多朋友看我用都想买，我都推荐了宝贝收到后很满意，外形颜色也很喜欢，挑选好多家，果然没看错，希望把好物分享给大家??,预售V98Pro Box冰淇淋轴Pro 黑加仑
9,"耐用度：非常耐用，砸都砸不坏
舒适度：非常舒适，非常流畅
操作难度：高，非常好用
外观颜值：颜值100分
响应速度：非常快，回弹也非常好",预售V98Pro Box冰淇淋轴Pro 海盐
10,"舒适度：冰激凌轴真的很好用
响应速度：无线速度很快也很灵敏
外观颜值：灯光效果很好

是一把非常好的键盘，如果愿意耐心等待的话",预售V98Pro Box冰淇淋轴Pro 黑加仑
1,"新手小白的第一把键盘，性价比很高，非常推荐购买
耐用度：感觉很不错
舒适度：键盘润的很好，打字很舒适
操作难度：容易上手，声音很小，反馈很快，蓝牙连接很方便
外观颜值：很好看，小清新配色，rgb灯光很不错

性价比真的很高推荐购买",预售V98Pro Box冰淇淋轴Pro 海盐
2,"键盘手感还是很不错的，冰淇淋轴，属实是性价比拉满了，再说键盘颜值，海盐冰淇淋，很能打，一次很好的购买体验!!
耐用度：耐用度：可以 
舒适度：很好
外观颜值：耐看
响应速度：很快",预售V98Pro Box冰淇淋轴Pro 海盐
3,"舒适度：打起字来十分软弹舒适，买的是冰淇淋pro，消音处理也非常好

响应速度：很快，无线连接跟有线打字起来差不多

外观颜值：nice",预售V98Pro Box冰淇淋轴Pro 黑加仑
4,"在B站看各个up主强烈推荐买的，第一次买这么贵的键盘，不过看配置也是很顶。快递到手即用。
耐用度:很好 
舒适度:键盘润滑油很多，很好用 
操作难度:键程短，反馈快，打字声音小。人体工学设计，打字不累 
外观颜值:蓝紫配色，小清新，非常好看。rgb灯光很好看 响应速度:反应很快，2.4g与有线反应速度差不多，用起来很顺手
总结一个字:赞??",预售V98Pro Box冰淇淋轴Pro 黑加仑
5,"预售V98Pro 蒸汽波Pro轴 黑加仑
打字：特别好用，耐用度：非常好 舒适度：键盘润滑很舒服，很好用 操作难度：键程短，反馈快，打字声音小。人体工学设计，非常好看。rgb灯光很好看响应速度：反应很快，2.4g与有线反应速度差不多，用起来很舒适",预售V98Pro 蒸汽波轴Pro 黑加仑
6,"特别好用。
耐用度：很好很好
舒适度：键盘很润滑很舒服
操作难度：键程短
外观颜值：蓝白配色，非常好看
响应速度：反应很快，2.4g与有线反应差不多",预售V98Pro Box冰淇淋轴Pro 海盐
7,"首先键盘是不错的，性价比很高，大键位手感一流，到手只有左shift肉一点，把卫星轴上多余的油擦掉就好了。
冰淇淋轴的手感很不错，非常顺滑，声音也比较小。mda高度打字用起来很舒服。f区偏移我这把好像已经没有了。
目前就两个小缺点，一个是供货（卖的太火了，产能跟不上，要等），指示灯有漏光据说之后会改。不在意上面这两点的可以直接冲。
外观颜值：挺高的很喜欢。

响应速度：没感受到延迟。",预售V98Pro Box冰淇淋轴Pro 黑加仑
8,"打字声音很清脆，好听好听。
打字：特别好用，
耐用度:非常好
舒适度：键盘润滑很舒服，很好用 
操作难度:键程短，反馈快，打字声音小。
人体工学设计，打字不累 
外观颜值：海盐蓝紫配色，小清新，非常好看。rgb灯光很好看
响应速度：反应很快，2.4g与有线反应速度差不多，用起来很顺手。",预售V98Pro 蒸汽波轴Pro 海盐
9,"舒适度：这个大键出厂调的还行，冰淇淋轴打字还是很舒服的
操作难度：简单
外观颜值：实物比宣传图好看多了
响应速度：响应速度很快，感觉不出什么延迟",预售V98Pro Box冰淇淋轴Pro 海盐
10,黑加仑配色非常好看，冰激凌轴的手感也很好，声音小，rgb背光样式多，键盘很有质感，重量略高，不过有8000ma电池，续航很强。总之，这把键盘我很喜欢！,预售V98Pro Box冰淇淋轴Pro 黑加仑
1,真是 今年最卷王的机械键盘。虽然等发货等的有点长不过到手还是惊艳到了我，整体配置拉满，三模热插拔 大键无杂音，非常适合打游戏和码字。切换方式接收器收纳，都很方便，脚撑也很稳。键帽素质就不用说了，手感和配色都很漂亮。很喜欢，推荐给大家。,预售V98Pro 蒸汽波轴Pro 黑加仑
2,"可以。很好用 第一次用这么好用的。打字声音也可以
外观设计。也挺好看的。手感一级棒
响应速度：非常快
操作难度：易上手",预售V98Pro Box冰淇淋轴Pro努巴尼源限定
3,"耐用度：键帽没有问题 8000毫安时电池测试中
舒适度：凯华轴冰激凌触发克跟我之前银轴一模一样，长时间使用也不会手酸
外观颜值：很好 看中键帽颜值
响应速度：测试了2.4 打永劫无间没有感觉到延迟问题
操作难度：更新一下驱动就很简单",预售V98Pro Box冰淇淋轴Pro 海盐
4,"虽然等了十几天，但键盘确实不错
打字:打字声音很清脆。
耐用度:需要时间检验。
舒适度:键盘润滑很舒服，很好用。
操作难度:键程短，反馈快，打字声音非常小。
人体工学设计，打字不累
外观颜值：整体协调，非常好看。rgb多色灯光。
响应速度：反应很快，2.4g与有线反应速度差不多，用起来很顺手。",预售V98Pro Box冰淇淋轴Pro 黑加仑
5,"舒适度：用起来很舒服
操作难度：很便捷
外观颜值：非常喜欢这种清新的配色和鼠标颜色很搭
响应速度：没有延迟，和有线的用起来没区别",预售V98Pro Box冰淇淋轴Pro 海盐
6,"使用手感超出预期的好 之前只买了v98 这次再买了pro
冰淇淋轴还是有东西的 打字非常舒滑舒适
而且mda的键帽高度 也很适合自己 
就是灯不够亮 不过小问题",预售V98Pro Box冰淇淋轴Pro 黑加仑
7,V98键盘采用98%配列、1000hz回报率的三模、4000毫安电池、凯华轴座、精润VGN V1卫星轴、接收器收纳槽、双层消音结构、单色背光，这个配置在这个价位段里绝对是见不到的，我们不仅要便宜，还要管饱！非常不错！,预售V98Pro Box冰淇淋轴Pro 黑加仑
8,"特好用! ! !耐用度:爽!舒适度:键盘润滑很舒服，很好用操作难度:键程短，反应快，声音小。人体工学设计，打字不累外观颜值:黑加仑配色，沉稳,非常好看! rgb灯光很好看，可以自定义!响应速度:反应很快，2.4g与有线反应速度差不多，用起来很顺手!!!强烈推荐!!!",预售V98Pro Box冰淇淋轴Pro 海盐
9,"外观颜值：配色清新，字母清晰
响应速度：响应速度：只试用了蓝牙和有线连接，响应很快
舒适度：打字手感很好，打字音舒适，空格键有点肉
操作难度：操作简单，小白易上手",预售V98Pro Box冰淇淋轴Pro 黑加仑
10,千呼万唤始出来，犹抱琵琶半遮面！半个月的等待是值得的。颜值很高，没有翻车、除了一些不影响使用的小问题外，这个价格很能打！手感很润，冰淇淋打字无声、自带麻将音，听起来很舒服！,预售V98Pro Box冰淇淋轴Pro 海盐
1,打字：特别好用，耐用度：非常好 舒适度：键盘润滑很舒服，很好用 操作难度:键程短，反馈快，打字声音小。人体工学设计，打字不累 外观颜值：海盐蓝紫配色，小清新，非常好看。rgb灯光很好看 响应速度：反应很快，2.4g与有线反应速度差不多，用起来很顺手，希望国产键盘越来越好。,预售V98Pro Box冰淇淋轴Pro 海盐
2,性价比无敌，小白到手就能用，大键出厂就是调教好的，素质完全没毛病，手感好，声音好听，一开始听说是硬gasket还以为会按不动，实际用起来比想象中的软一些，入坑即退烧，非常满意,预售V98Pro Box冰淇淋轴Pro 海盐
3,键盘已经收到了，比想象的用着要舒服，灯光不错，配色也很不错，本来想买海盐的，拿到黑加仑后，也挺好看的，这个价格真的非常有竞争力了,预售V98Pro Box冰淇淋轴Pro 黑加仑
4,"虽然等了半个月，但是是真的香哇，轴体顺滑度很不错键程短，反馈快，打字声音小。人体工学设计，打字不累人，观颜值：白紫配色，非常好看。 rgb 灯光很好看，音乐律动yyds 响应速度：反应很快，2.4g与有线反应速度差不多，用起来很顺手预售赠了个空格键帽，还
有3个轴，一个拆卸器还有一根 type - c usb 的数据线",预售V98Pro 蒸汽波轴Pro 黑加仑
5,"外观颜值：是我喜欢的配列，黑加仑也是一个非常棒的颜色！
响应速度：2.4g跟有线差不多，蓝牙略有延迟，倒也可以接受！
舒适度：比较适合码字，声音比较给力，相当舒服！

冰淇淋Pro轴手感有点像厚润的红轴，比原厂红轴舒服很多，值得推荐！",预售V98Pro Box冰淇淋轴Pro 黑加仑
6,"好用就完事了，请忽略电脑风扇声音
耐用度:很好很好非常好
舒适度:键盘润滑很舒服，很好用
操作难度:键程短，反馈快，打字声音小。人体工学设计，打字不累
外观颜值:蓝紫配色，小清新，非常好看。rgb灯光很好看
响应速度:反应很快，2.4g与有线反应速度差不多，用起来很顺手",预售V98Pro Box冰淇淋轴Pro 海盐
7,"外观颜值：很好看，很耐看，灯光效果也很好，没有网上说的很暗
响应速度：无线感觉不到延迟，比较跟手
舒适度：手感在这个价位实属无敌了，空格稍微有点肉，不过问题不大，麻将音爱了",预定V98Pro Box冰淇淋轴Pro 黑加仑
8,"耐用度：耐用
舒适度：舒适，冰淇淋轴手感很好
操作难度：简单
外观颜值：好看，这个配色更好看一点
响应速度：很快",预售V98Pro Box冰淇淋轴Pro努巴尼源限定
9,"键程短，反应快，灯光炫，大键反馈非常好，比我之前ikbc好用多了???

舒适度：十分舒适
操作难度：即插即用
外观颜值：外观美
响应速度：接收器反馈快，感觉不到延迟",预售V98Pro 蒸汽波轴Pro 海盐
10,快递包装非常严实、有气垫保护的很好、键盘到手即用大键、冰淇淋轴、确实很润、个人觉得比金粉轴、好一点、键帽也pbt热升华触摸质感很好、就是磨具、切割不是很好、还有喜欢rgb的玩家、太暗了这rgb跟没光一样、还不如关了剩电、要是挑毛病就是这两个、轴更键帽上、我还真挑不出毛病！这个价位、还是香的！想要磨具好、跟灯光的、还是等等再入手,预售V98Pro Box冰淇淋轴Pro努巴尼源限定
1,280元入手，物超所值，非常满意，期间有点小插曲，店家细致周到的服务让人很感动，祝生意兴隆，还会再来宝贝收到了，质量很不错，包装精致，材质优秀，比想象中好，送礼自用非常合适，下次继续购买质量没得说，跟专卖店一样，特别特别喜欢，而且价格优惠,预定V98Pro 蒸汽波轴Pro 海盐
2,"舒适度：打字很舒服，挺软的，冰淇淋轴很好用
外观颜值：黑加仑比想象中更好看，配色很不错，送的空格也很好看
响应速度：响应很快，三模都没有什么问题
总的来说很值，用起来了很舒服，作为一把客制化键盘很不错",预售V98Pro Box冰淇淋轴Pro 黑加仑
3,"耐用度：没用那么久呢，不知道

舒适度：打字很舒服，声音好听，手感不错，大键很肉，到手空格键是反装的


响应速度：很快，闪电?

外观颜值：好看，我喜欢，买
灯光亮度：和没有一样，太暗了",预定V98Pro Box冰淇淋轴Pro 海盐
4,"这个价位来说真的很不错哦，性价比挺高的，400多的键盘还要什么自行车，就是以后希望这个发货快点啊，大建也没那么肉，可以接受
外观颜值：很好看
耐用度：还好
操作难度：不高
舒适度：好啊",预售V98Pro Box冰淇淋轴Pro努巴尼源限定
5,等了小半个月终于拿到了预售的键盘了，用起来感觉很顺滑，响应速度夜很快，没有卡顿感，手感感觉很好，键盘颜色也好看。做工还不错，没有翻车。,预售V98Pro Box冰淇淋轴Pro 海盐
6,"耐用度：很耐用，结实！
舒适度：冰淇淋pro轴打字不要太舒服，完美！
操作难度：很简单
外观颜值：很好看的一款配色
响应速度：速度很快，2.4G下?比有线


总之很实惠的一把键盘，完美符合心中的期待，rgb灯也很酷，送的防尘罩我也很喜欢，大爱，希望vgn还能做出更好的键盘?",预售V98Pro Box冰淇淋轴Pro 海盐
7,"舒适度：按键很顺滑 声音也不大 办公用很不错
外观颜值：自认为三款配色里最好看的一款了 rgb灯光不会很闪 比较低调
响应速度：很快 察觉不到延迟",预售V98Pro Box冰淇淋轴Pro努巴尼源限定
8,送到的时候包装很结实，键盘的按键感觉可以，点下的反应灵活够快，触感灵敏，玩游戏也很流畅，按键反弹力足，按下去回弹的很快，比较轻松，放桌子上显得很高端大气上档次，可随心切换灯效！键盘手感非常好！朋友看到了说也想买一个，确实是ok，而且这个价格也不贵，又比较实用,预售V98Pro 蒸汽波轴Pro 海盐
9,键盘收到了，非常好，冰淇淋的感觉，按着手感非常棒。颜色也喜欢。推荐大家购买。真的是很好的键盘。没白等呀！,预售V98Pro Box冰淇淋轴Pro 黑加仑
10,灯光特很多也好看，按键反应很快，没有出现卡顿，用来打游戏手感非常顺滑，颜值很高。字符都很清楚，亮度可以调节，晚上看也能看得清楚。,预售V98Pro 蒸汽波轴Pro 黑加仑
1,键盘整体素质挺不错的，mda键帽很舒服，接触面积比较大，声音也可以，空格要换个键帽，颜值也不错，性价比挺高的，冰淇淋轴打字也很舒服。,预售V98Pro Box冰淇淋轴Pro 海盐
2,"终于到货了，11月1号19:54下的单，11月18号发的货，然后因为重庆疫情，25号才能拿到手，真的难。
外观颜值：真的很好看，没有瑕疵，物有所值。
操作难度：声音不响，空格对于我来说有些软，但这个因人而异。
舒适度：用来打字打游戏都很舒适。
响应速度：很快。",预售V98Pro Box冰淇淋轴Pro 海盐
3,手感很好很顺滑 耐用度:很耐用非常好 舒适度:键盘润滑很舒服，很好用很顺滑 操作难度:键程短，反馈快触发快，打字声音小。打字不累 外观颜值:海盐配色，小清新，非常好看。rgb灯光好看 响应速度:反应很快，2.4g与有线反应速度差不多，用起来很顺手,预售V98Pro Box冰淇淋轴Pro 海盐
4,"舒适度：冰淇淋轴，键程短，反馈强，大键表现优秀，很舒适。

操作难度：模式切换很便捷，驱动软件简洁明了

外观颜值：海盐冰淇淋配色清爽不油腻，小清新。颜值很高

等了半个月的键盘，配置很香，物超所值。",预售V98Pro Box冰淇淋轴Pro 海盐
5,"手感很棒，打字特别舒服，游戏也很灵敏。热插拔换轴简单，键帽无毛刺，灯效可以
舒适度：舒适
操作难度：简单
外观颜值：好看
响应速度：快速",预售V98Pro Box冰淇淋轴Pro 海盐
6,键盘颜值很高的，整体用料很足，做工很不错，目前没找到键帽有毛刺。冰淇淋轴用起来特别闷，特别舒服，声音挺小，在寝室很适合，对于我不打游戏，只打代码很适合。视频背景音是室友很吵的青轴，请忽略声音。总之还是很满意的，希望游戏动力越来越好。,预售V98Pro Box冰淇淋轴Pro 黑加仑
7,"耐用度：键盘续航很好。
舒适度：键盘非常顺滑，打字非常舒服。
操作难度：操作简单，上手即用。
外观颜值：黑加仑真的非常好看，颜值满分。
响应速度：响应速度很快。",预售V98Pro Box冰淇淋轴Pro 黑加仑
8,"外观颜值：配色很好看
舒适度：手感很舒服打字不累，声音不吵，适合办公室
响应速度：挺好，没有延迟的感觉
操作难度：上手即用",预售V98Pro Box冰淇淋轴Pro 黑加仑
9,键盘性价比牛掰，冰淇淋相当顺滑，键帽做工很好，三模链接速度完美，简直牛批  性价比拉满 不愧是卷王，粉了粉了！,预售V98Pro Box冰淇淋轴Pro 黑加仑
10,"舒适度：box冰淇淋轴 丝滑 声音小
外观颜值：好好好好好好好好好好好好好
响应速度：很快 线性轴
耐用度：可以用很久
操作难度：插上就用",预售V98Pro Box冰淇淋轴Pro 海盐
1,"外观颜值：外观拿到手比图片好看的很多
舒适度：box冰淇淋手感不错 gs结构杂音几乎没有
大键调教量产第一梯队了 没有什么短板
价格实在太香了 年度性价比之王",预售V98Pro Box冰淇淋轴Pro 海盐
2,"这键盘颜值真的高，黑绿配色一眼就看上了，手感很舒服，凯华冰淇淋轴打字声音听起来也很舒服 ！
非常好，宝贝很高大上，质量很好，看上去就给人一种高级感，价格也合适，这次网购很愉快，大赞?",预售V98Pro Box冰淇淋轴Pro努巴尼源限定
3,"舒适度：打字舒服，打字音很nice
操作难度：容易上手，没啥难度

外观颜值：也挺好看的，两个配色都买了，还是黑加仑好看?
响应速度：不错，没啥延迟",预售V98Pro Box冰淇淋轴Pro 海盐
4,还可以吧，就预售慢点,预定V98Pro Box冰淇淋轴Pro 海盐
5,"很喜欢海盐配色，预售等了大概十来天，时间也能接受
耐用度：box冰淇淋轴应该寿命很久
舒适度：手感超级好！很顺滑，驱动可以调usb反馈
外观颜值：满分！海盐配色淡淡的很配一些蓝粉色鼠标垫
响应速度：几乎没有延迟",预售V98Pro Box冰淇淋轴Pro 海盐
6,"舒适度：按键很舒服
操作难度：简单
外观颜值：实物比图片和视频要好看得多，颜色清新超级喜欢。
响应速度：反应很快
第一把机械键盘收到货很满意，用力按声音也不大办公室用很合适。",预售V98Pro Box冰淇淋轴Pro 海盐
7,"等了17天，终于到货了
替换我旧的RK61完全没问题，手感很好，完全不是一个档次的
自带的线质量很好，替补空格键很好看
三个富余的轴安全感满满，还有贴纸，真的好看哇
数字键有一个键帽有缺口，售后也答应给补发了，这一点还是很不错的
期待航插线还有布丁键帽",预售V98Pro 蒸汽波轴Pro 海盐
8,外观颜值：买了两把都可以，MDA高度的键 帽兼顾了颜值与实用性，PBT键帽品质不错，长时间使 用不会打油，键帽底部边缘有微小瑕疵，不影响使用 耐用度：8000毫安锂电池，无线连接下不开灯的续航大 概能有两个月，凯华的热插拔轴座，使用寿命应该很长 舒适度：键盘拿在手里分量十足，内部填充的很满，por 棉，轴下垫，底棉都安排上了，空腔音抑制效果不错 响应速度：2.4G 蓝牙连接响应很快，蓝牙延迟很低，不 打游戏的话完全够用，轴体我选的是蒸汽波OG，据说 是风信子的同款模具，出厂是未润的状态，到手拆下来 润了下，跟风信子没什么区别，声音很hifi 操作难度：这次游戏动力VGN98系列诚意满满，性价比 拉满，蒸汽波OG首发299，98配列gasket 三模 热插拔 大容量电池 堆料扎实 做工也不错，首发抢购还送航插 线和布丁键帽。目前到手使用几天来看完全超出预期， 唯一缺点是预售火爆，下单晚的同学可能要等几天了， 总之游戏动力v98系列还是很值得入手的,预售V98Pro Box冰淇淋轴Pro 海盐
9,讲真刚刚到我就很兴奋去拿了，不错，打字声音很清脆。打字：特别好用，耐用度:非常好 舒适度：键盘润滑很舒服，很好用 操作难度:键程短，反馈快，打字声音小。人体工学设计，打字不累 rgb灯光很好看响应速度：反应很快，2.4g与有线反应速度差不多，用起来很顺手 真的太兴奋了！！！,预售V98Pro 蒸汽波轴Pro 海盐
10,海盐冰淇淋奶呼呼的，非常好看。轴题选择的冰激凌轴，声音好听而且不吵。rgd灯效很多，可以自定义。gas结构很软，用2.4G链接，没有感到延迟。送的空格也特别可爱,预售V98Pro Box冰淇淋轴Pro 海盐
1,"耐用度:很耐用，键盘看起来很舒服

舒适度:box冰淇淋之前用很久了，这次用了新的感觉挺好的

操作难度:感觉声音还行，听说pom轴越用越顺滑。先用着试试
外观颜值:满分，海盐冰淇淋是真的好看",预售V98Pro Box冰淇淋轴Pro 海盐
2,已经收到了，包装完好无损，物流也很快，使用方便简单，很满意，整体评价非常好外观体验很漂亮无线连接速度很快按压触感手感很好，这个键盘是第一次接触到，听说是性价比之王三模RGB+全键轴座热插拔+Gasket结构+PC定+凯华BOX冰淇淋PRO轴体，当然手感也不错，比我之前用的G610好很多，蛮喜欢！,预售V98Pro Box冰淇淋轴Pro 海盐
3,VAN 游戏动力作为新晋键盘厂家，品控质量，都还不错，键帽的颜色很好看，手感也不错，除了发货速度太慢以外，键盘??很不错，符合预期！,预售V98Pro Box冰淇淋轴Pro 海盐
4,"舒适度：手感一级棒 大键没问题 声音好听
外观颜值：颜值顶配 灯光颜色好看
操作难度：操作简单 可以直接上手  自己调节灯光
响应速度：无线和蓝牙基本没有延迟",预售V98Pro Box冰淇淋轴Pro 黑加仑
5,"舒适度：冰淇淋轴真的很舒服，适合办公环境使用。
外观颜值：非常nice，海盐配色深得我心。
响应速度：接收器模式下连接很快。

收到货试用了一下，体验非常不错。但是键盘本体很重，女同事反应有点坠手，可能算是一个小小的缺憾。",预售V98Pro Box冰淇淋轴Pro 海盐
6,键盘的声音很舒服，按键顺滑度很牛，第一次用线性轴，确实体验不一样，灯效也是我喜欢的比较内敛的，有，但是不鲜艳的那种，我很喜欢。,V98Pro Box冰淇淋轴Pro 黑加仑（预售）
7,"终于等到了，迫不及待，手感很棒，性价比高
耐用度：好
舒适度：非常好
操作难度：简单
外观颜值：漂亮
响应速度：快",预售V98Pro Box冰淇淋轴Pro 黑加仑
8,非常不错的键盘，冰淇淋的手感很棒，黑加仑配色也很符合我的审美体验，真的是一次非常棒的购物体验了,预售V98Pro Box冰淇淋轴Pro 黑加仑
9,"耐用度：很好 附带了防尘罩 还送了增补键帽
舒适度：键帽高度合适 打字不累
外观颜值：海盐配色加上rgb灯光非常好看
响应速度：2.4g响应速度不错 最高可选1000hz回报率",预售V98Pro Box冰淇淋轴Pro 海盐
10,萌新入手的第一款机械键盘，因为冰淇淋轴的声音入坑，没想到手感也是特别顺滑，对我这种联盟党特别友好，送的空格装上以后特别好看，而且我这个的品控特别好，没有挑出来任何毛病，最最重要的是，在群里看各位老哥急的要死，我预计的15号能发货，结果12号就发了，15号直接到手，意料之外的惊喜特别棒。,预售V98Pro Box冰淇淋轴Pro 海盐
1,"性价比很高的键盘，只是预售需要耐心多等一会儿?
舒适度：冰欺凌轴打字很舒服
外观颜值：比较符合我的审美，很好看
响应速度：2.4G反馈很快，电池容量也大，很不错。",预售V98Pro Box冰淇淋轴Pro 海盐
2,"耐用度：键帽和轴的耐用没得说
舒适度：球帽手感很好
操作难度：没有什么操作难度 有说明书
外观颜值：奶奶的很好看
响应速度：打cs急停成功率都高了
11月1号 19:42买的 12号下午揽收 13号下午就到了
快递很快",预售V98Pro Box冰淇淋轴Pro 海盐
3,"耐用度：未知
舒适度：很不错手感很好
操作难度：一般
外观颜值：颜值很高，颜色鲜明
响应速度：很快
非常喜欢这个键盘，声音不错，光效不错，第一次买到真么好的感觉很棒。",预售V98Pro Box冰淇淋轴Pro 海盐
4,键盘收到了，我是2号预售海盐冰淇淋。键盘包装的很结实，盒子基本没有啥损坏。键盘质感不错，冰激凌轴真的是很nice，我觉得这个键帽也可以，比较喜欢，是喜欢的键盘，希望能用很长时间吧。,预售V98Pro Box冰淇淋轴Pro 海盐
5,键盘手感非常可以，比我原来的茶轴顺畅多了，外观清爽，大小合适，灯光亮度还可以，延迟基本上感觉不出来，这售价无敌了。,预售V98Pro 蒸汽波轴Pro 黑加仑
6,"第一次买客制化键盘，真的很满意，用了三天来评价，已经爱上打字了??
舒适度：非常舒适
外观颜值：黑加仑真的很好看
响应速度：三模，很快",预售V98Pro Box冰淇淋轴Pro 黑加仑
7,"键盘用起来很顺手，丝滑，手感很好，爆赞??
超好看的一款机械键盘，这个颜色真的让我眼前一亮，而且变化多端，非常喜欢。敲击键盘的质感也非常好。",预售V98Pro Box冰淇淋轴Pro 海盐
8,"舒适度：很好
操作难度：没难度 要是驱动功能再完善一点就好了
外观颜值：好看 不错
响应速度：第一次用冰激凌 还是满惊喜的",预售V98Pro Box冰淇淋轴Pro努巴尼源限定
9,"舒适度：手感很好，没有杂音
操作难度：操作舒适，大键很稳
外观颜值：黑加仑键帽很nice
响应速度：蓝牙跟2.4G响应速度也很快",预售V98Pro Box冰淇淋轴Pro 黑加仑
10,"真的牛，无敌的性价比，按键声音非常润手感无敌，
外观颜值：外观非常耐看，尤其是送的键帽真的漂亮
响应速度：很快蓝牙无线我都试了没有延迟
舒适度：键帽材质好滑，很润",预售V98Pro Box冰淇淋轴Pro 海盐
1,"舒适度：冰淇淋pro轴手感很顺滑，很顺，大键手感不错，卖家出厂润过

外观颜值：海盐配色颜值在线

响应速度：1000Hz回报率

总结一下，没有白等半个月！",预售V98Pro Box冰淇淋轴Pro 海盐
2,买了2把，199和399各一把，确实超过预期，冰激凌pro手感很好，大键位处理也是80分以上水平，很满意，键帽也不错，整个键盘很重，不错不错，满意，建议后期加个保护膜，防灰尘,预售V98Pro Box冰淇淋轴Pro 海盐
3,"外观颜值：好看 冰淇淋配色nice
舒适度：很舒服 键盘像巧麻将
操作难度：很容易操作
耐用度：目前看来没有什么问题 质量很不错
响应速度：很灵敏",预定V98Pro 蒸汽波轴Pro 海盐
4,"舒适度：这个键盘手感太舒服了，这个轴的声音太喜欢了！！
外观颜值：喜欢冰淇淋色的，颜色好好看
响应速度：插线完全没有延迟
耐用度：现在还不知道耐不耐用
操作难度：上手就完事了",预售V98Pro Box冰淇淋轴Pro 海盐
5,键盘回馈力度很喜欢，敲击声不是很大，有一定的静音型。买来打游戏的，效果不错。键盘的组合按键需要适应一下适应好后会非常方便。灯效很多种，也很炫，我不喜欢光污染，就给取消了。,预售V98Pro Box冰淇淋轴Pro 海盐
6,"舒适度：MDA高度键帽很舒服，比oem的好用
外观颜值：就是看中海盐的外观才买的。到货之后实物很nice
响应速度：打游戏没啥问题
操作难度：挺简单",预售V98Pro Box冰淇淋轴Pro 海盐
7,"耐用度：pbt键帽很耐磨
舒适度：大健调教的很舒服，美滋滋
操作难度：人体工程学三模链接很nice
外观颜值：顶 个人觉得黑加仑最好看
等了20天，最后没让我白等，品控也没让人失望，祝vgn越来越好",预售V98Pro 蒸汽波轴Pro 黑加仑
8,11月1号下单的，今天收到货了，非常的nice，灯光很炫，行程短，办公室用非常好，又是一把科研利器。,预售V98Pro Box冰淇淋轴Pro 黑加仑
9,"耐用度：比想象中要重，感觉质量挺不错的
舒适度：按起来挺流畅的
外观颜值：黑色配绿色挺耐看的
操作难度：没什么难度
响应速度：很快",预售V98Pro Box冰淇淋轴Pro努巴尼源限定
10,"黑加仑配色很好看，字符很清晰。
打字声音很好听，但是手机视频录音太拉了，录不出真实声音。实际打字声音很绵密，很安静，隔壁同事再也不嫌弃我的键盘吵啦！",预售V98Pro Box冰淇淋轴Pro 黑加仑
1,键盘很好，首先轴体表现没的说，声音好听，触发也很快，按压触感挺不错的。其次灯效样式丰富，亮度也还可以，键帽不透光。电池容量到手一天还没体验出来。总体来说上手即用，很好的键盘。,预售V98Pro Box冰淇淋轴Pro 海盐
2,"耐用度：外观设计漂亮，尺寸大小合适，包装仔细完整，宝贝手感不错，感觉很好，发货速度快，服务态度一流，给力！5星好评！
精挑细选很久?，最后决定买这一款?，到货后果然没有让我失望，实物很漂亮?，做工很精细?，特别满意?",预售V98Pro 蒸汽波轴Pro 海盐
3,"真正的好键盘&rarr;VGN，98配列体积小，rgb灯，多种等效自定义，轻巧好用，白色漂亮
垃圾键盘&rarr;阿米洛，108配列占地方，单色白灯，没有灯效，黑色丑",预售V98Pro Box冰淇淋轴Pro 海盐
4,"耐用度：刚到手第一次买按键灵敏，即插即用，没有延迟
舒适度：非常舒服，键的声音还不错，还有点重量的，用料十足吧
操作难度：打游戏非常爽
外观颜值：蓝白色这款很好看
响应速度：没有感觉到慢",预售V98Pro 蒸汽波轴Pro 海盐
5,1、灯光特好看，按键反应很快，没有出现卡顿现象，用来打游戏手感绝了都，颜值很高的键鼠套装啊，房间暗点字符也都很清楚，亮度可以调节，晚上看也能看得清楚，不用再盲打了，操作手感不错，看着不要太喜欢爱心，用的挺爽的，不错不错。2、按键的力度是比较轻松的，反应力灵活在线，段落感挺强，搭配脆响声歪瑞古德，按下反应力很快，键帽大小合理，打字快的话也不会摁错。喜欢这种稳稳的键帽，玩游戏体验也阔以，键盘的大小特别合适我放在桌上嘿嘿 3、必须先给客服点个赞，态度非常好，聊了一些都很有礼貌很耐心的回答。键盘拿到用了效果也不错，响应速度非常快，玩游戏的时候技能连招都跟得上速度，总之这个键盘用下来是满意的，还有颜值方面也比较高，纯黑色的键盘搭配着彩色的灯光效果也好看 4、超好看的一款机械键盘，这个颜色真的让我眼前一亮，而且变化多端，非常喜欢。敲击键盘的质感也非常好，手感直上直下，之前朋友买过所以对这个产品还是比较信任的，用着确实感觉可以，我拿来打游戏比较多，体验感不错，很喜欢 5、机械键盘我来了，颜值是真的炫酷，按键手感足，段落感还是蛮强的，有一说一真不错，比我之前用,预售V98Pro Box冰淇淋轴Pro 海盐
6,"耐用度:非常好
舒适度:键盘润滑很舒服，很好用
操作难度:键程短，反馈快，打字声音小。人体工学设计，打字不累
外观颜值:蓝紫配色，小清新，非常好看。rgb灯光很好看
响应速度:反应很快，2.4g与有线反应速度差不多，用起来很顺手
预售赠了个空格键帽，还有3个轴，一个拆卸器
还有一根type-c  usb的数据线",预售V98Pro Box冰淇淋轴Pro 海盐
7,手感舒服，声音好听，码字过程中有些防滑，像我这种经常打字的很喜欢，不会容易手酸的，质量真是没话说，非常满意。模式也比较多样，色彩搭配很理想，就是喜欢有氛围的外设才选择的这个轴体，调整光效也比较简单，质量做工也过关。,预售V98Pro Box冰淇淋轴Pro 海盐
8,键盘很赞，手感不错，反应很灵敏，灯效很炫，按键直上直下，触底很脆，声音也好听，整体做工不错。除了A口那边有点毛刺，电池耗电有点惊人外，很不错！,预定V98Pro 蒸汽波轴Pro 海盐
9,"舒适度：这是我买过的至今为止手感最好的键盘了，无敌舒服。
外观颜值：这个配色，从发布的时候看到就大大的爱上了，什么神仙配色，爱了爱了！
响应速度：三模都非常好！！满足我的全部需求了！",预售V98Pro Box冰淇淋轴Pro 海盐
10,"外观颜值：外观没的说，这个配色卖的非常火?
舒适度：手感真的好啊，冰激凌轴体出厂润滑，非常好。98键位布局稍微习惯下就行，带小键盘和104的差不多长度",预售V98Pro Box冰淇淋轴Pro 海盐
1,"外观颜值：限定款，颜值还是不错的。
舒适度：第一次用机械键盘，手感还是非常不错的。

非常棒的键盘，包装完好，没有瑕疵，简直是性价比之王，还是很喜欢的～",预售V98Pro Box冰淇淋轴Pro努巴尼源限定
2,"耐用度：用了差不多半个月非常好用
舒适度：冰激凌轴很舒服我很喜欢，买对了日常打字和办公都很好
操作难度：驱动很好很容易就设置了上手简单
外观颜值：白色YYDs! 附赠的空格键也非常好
响应速度：可以说300这个价位应该有的非常好的水准了！",预售V98Pro Box冰淇淋轴Pro 海盐
3,"舒适度：按键声非常好听，使用起来非常顺滑
外观颜值：黑加仑配色越看越讨喜
耐用度：8000毫安的电池能支持长时间试用，冰激凌轴越用越顺滑",预售V98Pro Box冰淇淋轴Pro 黑加仑
4,"舒适度：冰激凌轴用起来很舒服
外观颜值：颜值超高
响应速度：2.4g感觉不出延迟
操作难度：按压效果出众
用起来很顺手，强烈推荐。",预售V98Pro Box冰淇淋轴Pro 海盐
5,"耐用度：很不错
舒适度：很舒服
操作难度：操作简单
外观颜值：比图片显示的帅多了
响应速度：很快
东西物美价廉，值得回购，666666666东西真不错，分量很足，比想象中好多了",预售V98Pro 蒸汽波轴Pro 海盐
6,"耐用度：非常好，很扎实的键盘
舒适度：键帽高度适合我
操作难度：2.4g很简单就能连上
外观颜值：黑加仑很好看
响应速度：敏捷",预售V98Pro Box冰淇淋轴Pro 黑加仑
7,一收到键盘就开始用了，手感真的很不错，同时按键声音也不算大，这下在宿舍也不怕吵到舍友了，颜值也非常时尚。包装很二次元，不过就好这口，总之很不错。,预售V98Pro Box冰淇淋轴Pro 海盐
8,"响应速度：凯华冰淇淋轴真的很舒服，响应很快，用来打字和舒服
外观颜值：颜值外观还不错，送了一个带图案的空格键

舒适度：整体键盘重量还是有的，无线连接也很快",预售V98Pro Box冰淇淋轴Pro 海盐
9,"舒适度：打字很顺滑，比原来的键盘舒服很多
外观颜值：颜值因人而异，RGB灯亮度中等，到时候换一套键帽试试
响应速度：有线连接速度完全没问题

键盘还是很好用的，399这个价位，这个配置，只能说性价比拉满了，之后试试无线连接看看",预售V98Pro Box冰淇淋轴Pro 黑加仑
10,rgb 8000毫安的电池 gasket 结构消音配置拉满。拿在手里能感受到它的分量。搭d了凯华旗舰轴冰淇凌 pro 轴体，手感丝滑，触发快，声音小，适合游戏与办公使用，用起来顺手，键盘包装到位，快递速度也很快，完美符合心中预期,预售V98Pro 蒸汽波轴Pro 黑加仑
1,"舒适度：键帽高度适合，人体工学设计，手感很好，打字不累，舒适度高
外观颜值：独具匠心的设计，黑加仑配色很有创意，rgb灯光模式独特又好看
响应速度：连接快，反应快，冰淇淋轴打字声音很好听",预售V98Pro Box冰淇淋轴Pro 黑加仑
2,心心念念的键盘到了很香，包装很好。能满足我的rgb，无线，麻将音的需求。桌面无线化就是趋势。这个价位我觉得很能打了。首发还有小礼品还是棒棒的。,预售V98Pro Box冰淇淋轴Pro 黑加仑
3,"人生第一把机械键盘，成功上车！
颜值满分，性价比满分，开卷开卷！
轴体出厂润的很好，很丝滑，回弹也很好，声音清脆好听，就是空格有点肉。
蓝牙和2.4G连接感觉不到延迟，打字和非职业的轻度游戏玩家都足够用了。
键帽手感很好，很舒服，PBT应该不打油（没测试过）
总之，上车绝对不亏，好货不怕等！",预售V98Pro 蒸汽波轴Pro 黑加仑
4,"耐用度：8000毫安不开灯应该还是挺持久的

舒适度：键盘高度和键帽高度都挺nice用着非常不错

外观颜值：海盐外观还是可以，我这种一直用傻大黑粗的觉得非常不错

响应速度：蓝牙和无线响应速度都不错",预售V98Pro Box冰淇淋轴Pro 海盐
5,"键盘挺好看的，还在使用，后续有问题再说，总体来说还不错；小瑕疵无伤大雅。
德邦物流很差劲，很不爽",预定V98Pro Box冰淇淋轴Pro 海盐
6,快递包装很严实，键盘质量真是太意外了，实物美美哒，触感很好，很推荐哦~实用性和颜值都非常的赞，我很喜欢，会推荐给身边需要的朋友。,预售V98Pro Box冰淇淋轴Pro 海盐
7,"舒适度：大键是调的真的很不错，键帽也很舒服
操作难度：没难度
外观颜值：海盐真滴无敌 好看
响应速度：快
确实是卷王，一开始还担心质量不行，到手检查了一遍都没问题。送测的毛边问题也解决了 。值得购买。",预售V98Pro Box冰淇淋轴Pro 海盐
8,"耐用度：好好好
舒适度：感觉还不错
操作难度：易上手
外观颜值：海盐好看
响应速度：2.4g还是不错的
性价比很高，做工还不错，309要什么自行车。",预售V98Pro 蒸汽波轴Pro 海盐
9,收到货了，努巴尼源限定配色真的好看，一眼就喜欢上了，大键声音好听，外观很好，基本没水口。声音很轻，冰淇淋轴手感真的好.400内天花板了。唯一缺陷感觉这个gasket结构不怎么软弹，不过很香，冲凰,预售V98Pro Box冰淇淋轴Pro努巴尼源限定
10,不错，配置确实实打实的卷王，而且pc定的声音比钢的冰淇淋Pro要好听，这个mda高度的键帽比别人家的矮快接近原厂了，很舒服啊，98买这把确实可以退烧了直接，大键位也是同款卫星轴，素质不错，到手没调教好的随便抹点油就好了，消音整体很棒！可惜了没有旋钮对于蓝牙音箱用户不是很友好，希望下一把98能带个旋钮,预售V98Pro Box冰淇淋轴Pro 海盐
1,"舒适度：手感很不错，用起来也不容易累
操作难度：正常键位排布，稍加磨合就可以盲打
外观颜值：海盐冰淇凌颜值很高，非常喜欢
响应速度：快，灯光的话，音乐律动插线使用还行，无线就算了",V98Pro Box冰淇淋轴Pro 海盐
2,"耐用度：高
舒适度：拿到手很舒服
操作难度：买的冰淇淋轴，到手即用
外观颜值：黑加仑还是很好看的
响应速度：2.4G几乎没延迟",预售V98Pro Box冰淇淋轴Pro 黑加仑
3,键盘很好看，指尖文创的键帽很有个性特色，键盘整体素质很优秀，各个大键的调教什么的也很良好，还有礼品装、配件什么的也比较齐全，可以说性价比真的很高了，不错不错,预售V98Pro Box冰淇淋轴Pro努巴尼源限定
4,"耐用度：非常结实

舒适度：键帽高度很不错，打字很舒服

操作难度：没有什么难度
外观颜值：颜值很高，键帽很好看

响应速度：响应速度很快，蓝牙和2.4g都没什么延迟

冰淇淋轴的手感真的很不错，大键的手感很棒！非常满意",预售V98Pro Box冰淇淋轴Pro 海盐
5,"物超所值，商品设计完美，外观也很高大上，让人爱不释手。
客服更是热情的没话说，这次购物很满意，很满意的一次购物，商家服务好。
发货神速，物流也很给力，宝贝收到后非常喜欢，买得放心，用得安心！
冰淇淋轴特别好用，声音清脆，键帽配色清新，按起来很舒服！",预售V98Pro Box冰淇淋轴Pro 海盐
6,"键盘不错 很符合期待 性价比太高了 颜色也很靓
说一下手感吧 手感很不错 品控提升空间还是很好的
期待一下以后",预售V98Pro 蒸汽波轴Pro 海盐
7,"耐用度：东西质量还可以，快递速度也很给力
舒适度：很满意的一次购物，商家服务好，发货神速，物流也很给力，宝贝收到后非常喜欢，买得放心，用得安心
外观颜值：东西不错，还有优惠，可以放心省钱购买，不要犹豫了
操作难度：?非常漂亮，做工精细，颜值担当，非常方便，?喜欢的朋友可以下手！",预定V98Pro 蒸汽波轴Pro 黑加仑
8,"舒适度：特别舒服
操作难度：打开即用，特别方便，说明书也很详细。
外观颜值：特别耐看，越看越好看
响应速度：特别快，三模连接，延迟很小。
这个好看好用，按键手感比较灵活，弹性挺足的，拿来玩游戏打字效果好，声音足够清脆，操作听起来带劲
很，灯光效果多种多样，使用快捷键切换也很简单方便，透光折射出来就是两个字炫酷，正正方方键帽很稳，操作起来比较轻便顺手，放在桌子上也不占多少空间，就喜欢这种的，非常实用，体验强，非常开心",预售V98Pro Box冰淇淋轴Pro努巴尼源限定
9,包装很好，键帽做工很好配色也很漂亮，细节做工都挺好的，最优秀的就是这个轴，不轻不重，冲着这个轴就超值了！,预售V98Pro Box冰淇淋轴Pro 黑加仑
10,"舒适度：舒适好用，非常顺滑！
响应速度：反应很快，无线和有线反应差不多，基本感觉不到差异。
外观颜值：海盐配色小清新，很满意。灯光效果还好，个人喜欢纯色等效，没那么花里胡哨。
使用感受，打字很丝滑，声音比较安静，办公室使用还是比较合适的。",预售V98Pro Box冰淇淋轴Pro 海盐
1,到手即用，键盘润滑舒服。大键声音完美，蒸汽波pro轴手感清脆，gas结构软弹，2.4g和蓝牙链接没有问题，外观小清新，耐看换上送的大键键盘更好看了。,预售V98Pro 蒸汽波轴Pro 海盐
2,"外观颜值：冰激凌海盐外观，非常可爱。mda高度键帽，98配列，颜值满分。


响应速度：三模连接，打字打游戏都没有延迟感。

舒适度：冰激凌PRO轴，配合pbt键帽，手感非常舒服，gasket结构，打字音非常麻将！",预售V98Pro Box冰淇淋轴Pro 海盐
3,"第一次买这么贵的键盘，体验比预想要好得多，打字确实舒服，灯光效果也是够炫，可玩性很强。
外观颜值：颜值和设计没得说，很好看。
舒适度：特别顺滑，打字停不下来",预售V98Pro Box冰淇淋轴Pro 海盐
4,"舒适度：不错
外观颜值：挺好看的，除了空格键反装，正装会卡住，用送的五面热升华可以解决
响应速度：很快，2.4?明显延时

首发入手目前没发现问题，目前良好，手感挺不错，跟box红有点像，声音很HiFi，mda键帽也很不错，很喜欢",预售V98Pro 蒸汽波轴Pro 黑加仑
5,"耐用度：pbt的键帽很好用
舒适度：用起来很丝滑，轴体声音很好听
操作难度：很简单说明书写的很详细
外观颜值：好看！
响应速度：快！",预售V98Pro 蒸汽波轴Pro 黑加仑
6,应该是目前98配列最卷成品键盘，gas结构，底部填充很满，能升级的配件都给了，大键要求不高基本到手即用，蒸汽波轴顺滑度不错，总之这把键盘还是值得入手的,预售V98Pro 蒸汽波轴Pro 黑加仑
7,"到手就用
舒适度：键盘润滑油很多，很好用
操作难度：键程短，反馈快，打字声音小
外观颜值：rgb灯光很好看
响应速度：反应很快，2.4g与有线反应速度 差不多，用起来很顺手",预售V98Pro Box冰淇淋轴Pro努巴尼源限定
8,"舒适度：键盘非常舒服按键顺滑，名副其实的丝滑冰激凌
外观颜值：很喜欢这个键帽
响应速度：2.4g连接没觉得有任何延迟很喜欢
这个轴用起来实在太舒服了，打字还是游戏感觉都没问题，声音也可以接受，如果有旋钮调节就更好了。",预售V98Pro Box冰淇淋轴Pro 黑加仑
9,"很好用的一个键盘，这个冰淇淋轴也是第一次使用，打字很顺滑，之前都是在用红轴和青轴。
配色方面这个黑加仑的比海盐耐看一些，三种模式也是使用很方便和流畅，这个价位真的是一款很棒的键盘了",预售V98Pro Box冰淇淋轴Pro 黑加仑
10,非常好用就完事了，请忽略电脑风扇声音 耐用度:很好很好非常好 舒适度:键盘润滑很舒服，很好用 操作难度:键程短，反馈快，打字声音小。人体工学设计，打字不累 外观颜值:蓝紫配色，小清新，非常好看。rgb灯光很好看 响应速度:反应很快，2.4g与有线反应速度差不多，用起来很顺手，,预售V98Pro 蒸汽波轴Pro 海盐
1,给老婆买的键盘等了21天终于到了，她本人很满意，无论是配色和手感，我认为这个键盘的优势就是没有像其他客制化键盘那样加很多配重，一只手就可以轻松拿起来。个人觉得比前段时间买的fl cmk98更好些。老婆对键盘的要求也没什么，好看，好用，便宜就行，恰好这三条全都符合，回头有现货了，我准备在公司搞一把努巴尼的，哈哈哈。,预售V98Pro Box冰淇淋轴Pro 海盐
2,"等了快一个月  果然没有白等  手感不错  声音也好听  总体贼满意
耐用度：非常好
舒适度：非常好
外观颜值：我觉得海盐还不错",预售V98Pro Box冰淇淋轴Pro 海盐
3,很精致，质量非常好，很满意的一次购物。这个价位是真的顶，除了快递有点慢，轴体也是非常可以的,预售V98Pro 蒸汽波轴Pro 黑加仑
4,"耐用度：好
舒适度：很不错
外观颜值：可以算是我买的键盘里第一档的了
键程很短，声音很好听，打字体验感很不错，值得购买",预售V98Pro 蒸汽波轴Pro 海盐
5,"手感还是很不错的，非常喜欢价格也挺实惠的，8000毫安的电池拿到手非常有分量的，很喜欢，vgnyyds，希望产品可以越做越好
耐用度：非常耐用
舒适度：舒适度：很舒服 
操作难度：简单上手
外观颜值：很好看
响应速度：很快",预售V98Pro Box冰淇淋轴Pro 海盐
6,等了好多天，终于到了最喜欢的颜色，太激动啦，这个手感，这个质感，这个声音调教非常的完美，不愧我等待多时，高兴，开心，强烈推荐呀，卷王！,预售V98Pro Box冰淇淋轴Pro 海盐
7,"外观颜值：98键盘，颜色也还ok

舒适度：以前用cherry红，冰淇淋用起来用顺滑跟静音，特别喜欢这个线性轴

操作难度：丝滑顺畅，键盘用得少，这一把非常喜欢",预售V98Pro Box冰淇淋轴Pro 黑加仑
8,"耐用度：做工不错
舒适度：冰淇淋轴体手感很好，键帽也很舒适
操作难度：习惯了标准配列需要时间来适应
外观颜值：白色很亮眼，键帽配色好看
响应速度：无线响应速度不错，感觉不到延迟",预售V98Pro Box冰淇淋轴Pro 黑加仑
9,下单时间1号19:36:10已收到。第一把客制化键盘，不愧是冰淇淋轴，声音是自己想要的，不吵很好听，视频声音跟实际听到的不一样。外观方面也很喜欢，值得推荐，暂时没有发现问题。先使用一段时间，一周之后再追评。,预售V98Pro Box冰淇淋轴Pro 海盐
10,"舒适度：手感很好，声音好听。
响应速度：按压力度不会很大，反应很快。
外观颜值：无论是外观还是灯光都很好看。
操作难度：反馈快，打字声音小。",预售V98Pro Box冰淇淋轴Pro努巴尼源限定
1,"舒适度：按起来是软软糯糯的，声音也很好听。冰激凌轴确实不错，线性轴在公司办公的话也挺挺安静。
外观颜值：还行吧，适合女生一点
总体来说性价比很不错，拉满，希望可以耐用度久一点，暂时没发现瑕疵。",预售V98Pro Box冰淇淋轴Pro 黑加仑
2,"外观颜值：外观很好看海盐的配色很清新
响应速度：响应速度很快1000的回报率延迟在1ms
操作难度：操作很简单说明书写的很清楚
舒适度：用起来感觉很不错，冰淇淋的轴体，热刀切黄油手感用起来很丝滑，非常推荐
总体来说是把非常不错的键盘，这个价位也没有比它更好的选择，性价比直接拉满，不仅有好看的外观，舒适的轴体，还有拉满的配置，简直不要好了！！！",预售V98Pro Box冰淇淋轴Pro 海盐
3,"外观颜值：好看好看好看好看好看好看好看好看

响应速度：还可以
舒适度：码字不会太累，声音好听，不吵
一号晚上8点11下单的，19号发的货，21号到货，总体很棒，第一次买键盘，我觉得很不错，不亏，很值",预售V98Pro Box冰淇淋轴Pro 海盐
4,虽然说预购的，但是等待时间没有别人说的那么长，不到一周就到了。声音真的不大，很清脆，手感也不错，性价比很高了。另外实物比照片好看太多，之前还想着要换键帽，到货后完全不想换了。,V98Pro 极地狐轴 限定款（预售年后发货） 
5,键盘挺好的但是我个小白看说明书看不懂驱动也连不上整体还成吧昨天发货今天就到了,预售V98Pro Box冰淇淋轴Pro努巴尼源限定
6,"实物外观我觉得比展示图好，分量也足
舒适度：手感可以，声音比我之前的红轴好很多，大键也ok",预售V98Pro Box冰淇淋轴Pro 海盐
7,"vgn98pro这款键盘是我觉得在这个价位中爆杀其他所有键盘的一个非常卷的一个卷王
该有的全都有，你想要的他也有，而且在399这个价位拥有冰淇淋Pro轴真的超级香，我用完后感觉非常的舒服，虽然快递有一点点慢，但是收到之后就非常的高兴，很开心
大货没有什么问题，所有的大键位也很满意，不错不错",预售V98Pro Box冰淇淋轴Pro 黑加仑
8,我的是冰淇淋Pro轴黑加仑版本，这个配色和黑色的电脑很搭呀。试了一下大键换了之后回弹非常清爽，干净利落啊，颜值也直接up，小键是短键程，触底声音比较柔和，回弹很快，触发力度也不是很大。还有那个2.4g的USB设计在右侧很方便，上面还有vgn的logo。,预售V98Pro Box冰淇淋轴Pro 黑加仑
9,颜色配色挺好的，灯光也可以，设置很多。键盘声音也不错，反应灵敏，手感也好，还支持三模，这个价位基本上无敌了，无脑入。,预售V98Pro Box冰淇淋轴Pro 海盐
10,"键盘最大优势确实是冰淇淋轴 手感和按键我都很满意 外形很不错 是我喜欢的颜色 这也是我最满意的地方 分量挺重的 没拆开 但是确实用料可能挺扎实的
说一下几个我不满意的地方
1.键盘开灯以后那个缝隙就显得很大 能透过缝隙看到下面的灯和轴体孔 显得很low 真的很low 就好像一个美女长了很大的牙缝一样
2. 侧面的切换模式开关 个人很不喜欢 确认感很弱 而去调起来不舒服 我觉得换成 旋钮或者拨片都更好 
3.发货实在是太慢了  而且客服更是拉稀  可以说是查无此人 找个客服跟**b做图灵测试一样
以上是我的体验反馈 总体我是满意的 这个价位这个产品力 说一句性价比很高不过分 不准备退货",预售V98Pro Box冰淇淋轴Pro 海盐
1,很精致，蒸汽波Pro也还不错，MDA高度感觉还是没有原厂舒服，总体算是超高性价比产品，很满意的一次购物。谢谢店家！,预定V98Pro 蒸汽波轴Pro 海盐
2,"耐用度：刚刚拿到感觉无敌好用
舒适度：很舒服，按键很轻柔，码字工作都不会累
外观颜值：超级无敌！很好看耐看！
响应速度：很快！！！
感觉非常好用！！！已经在爆炸使用了！！比之前用过的键盘都好用。强力推荐！！",预售V98Pro Box冰淇淋轴Pro 海盐
3,没想到这么快就收到了，用了几天才来评价的。打字很润，直上直下非常顺滑。键盘做工也不错，细节方面也很到位。三模RGB冰淇淋轴，热插拔，98配列，入坑即退坑。。。,预售V98Pro Box冰淇淋轴Pro 海盐
4,第一次用机械键盘，感觉这手感实在是太好了，键盘打字也非常顺滑，值得大家使用与选购。颜色也非常不错，看起来心情舒畅，有喜欢这个颜色的，推荐使用。,预售V98Pro Box冰淇淋轴Pro努巴尼源限定
5,"耐用度：非常奈斯，大电池可以用很久不充电

舒适度：冰淇淋轴按压很舒服

外观颜值：如图，黑加仑色还是很好看的，实物更好看
响应速度：2.4g无线没延迟?",预售V98Pro Box冰淇淋轴Pro 黑加仑
6,"终于到货了，键盘很漂亮，灯光很棒，打字没延迟，价格也优惠，是一个非常值得购买的商品，
耐用度：非常好用
舒适度：按着很轻，适合打字
操作难度：无难度
外观颜值：超漂亮，炫酷",预售V98Pro Box冰淇淋轴Pro 海盐
7,"耐用度：电池可以用很久，不错
舒适度：很舒服，轴体顺滑，键帽材质很亲肤。
外观颜值：黑加仑很耐看
响应速度：很快。
整体是把做工优秀的键盘，性价比很高，好用就完事了。",预售V98Pro Box冰淇淋轴Pro 黑加仑
8,键盘性价比！非常高轴体也非常OK非常丝滑，rgb灯效也是很不错，非常好希望能够继续内卷下去干翻同行！哈哈哈哈加油加油！,预售V98Pro Box冰淇淋轴Pro 海盐
9,"终于到货了，&ldquo;中奖&rdquo;一次经历了换货，换货的速度可以??
外观颜值：这个配色颜值很高，灯光不暗，这种键帽从侧边看肯定不亮
舒适度：冰淇淋轴 消音棉 轴下垫，用料很足，手感很棒，大键肉的情况用久点就好了
耐用度：三模连接，8000的电池不开灯可以用很久了",预售V98Pro Box冰淇淋轴Pro 海盐
10,"耐用度：非常耐用
舒适度：非常舒适
操作难度：没有难度
外观颜值：斩男又斩女
响应速度：2.4g非常快",预售V98Pro 蒸汽波轴Pro 海盐
1,这个键盘我期待了好久，因为疫情原因今天才拿到。上手的感觉非常棒，键盘本身堆料非常足，轴体的声音听着很舒服，大键润的也很足，按着也不是很肉。这款的颜值我一眼相中，真滴不错。年度卷王当之无愧，除了直播的一些问题基本没啥问题，希望越做越好。,预售V98Pro Box冰淇淋轴Pro努巴尼源限定
2,"耐用度：感觉很耐用。
舒适度：很舒服，还用多说么。
操作难度：没有什么操作难度，很合手。
外观颜值：黑加仑，漂亮的一批。
响应速度：快的一批，没见过这么快的键盘，反正就是很满意。",预售V98Pro Box冰淇淋轴Pro 黑加仑
3,"耐用度：刚难道很喜欢
舒适度：按键很舒服
操作难度：简单易上手
外观颜值：键帽好看灯光很炫
响应速度：很快",预售V98Pro Box冰淇淋轴Pro 黑加仑
4,"舒适度：极其舒适
操作难度：简单
外观颜值：优雅！
响应速度：快
感觉很厚实，用料很足，手感很好，我这把是没看见毛边，大键无杂音声音很纯，总之非常奈斯",预售V98Pro Box冰淇淋轴Pro 海盐
5,"舒适度：box奶油冰淇淋轴打字很顺滑。
外观颜值：黑加仑配色很不错，个人觉得比海盐耐看。
响应速度：无线连接稳定
操作难度：操作难度：我这把，大键属于到手用，空格挺稳的。",预售V98Pro Box冰淇淋轴Pro 黑加仑
6,键盘终于到手啦！！等了整整17天！但是值得的！手感真的很舒服很舒服，声音听起来也很棒，大键没有杂音，灯光也是拉满的，做工我没看到问题，非常喜欢！,预售V98Pro Box冰淇淋轴Pro 黑加仑
7,"不错，手感很好，一步到位，
耐用度：挺好
舒适度：很棒
操作难度：简单
外观颜值：简约好看",预售V98Pro Box冰淇淋轴Pro 海盐
8,键盘非常好用 颜值在线 手感舒服 而且无线电池容量非常大 基本解决电量焦虑 这次的双十一vgn真是给了我一个大大的惊喜 没想到能买到这么出色的键盘 送了增补大键 也是非常好看 总体来说这是一把买了不会后悔的键盘,预售V98Pro 蒸汽波轴Pro 黑加仑
9,非常的好用，特别的棒，第一次用这个价位的键盘，感觉很好，声音也非常的小，特别适合打游戏，外观也非常好看，真的是太棒了,预售V98Pro Box冰淇淋轴Pro 黑加仑
10,"耐用度：很好，冰淇凌轴懂得都懂，声音很hifi
舒适度：没有空腔音，很舒服
外观颜值：这配色有apex紫水晶那味了，我太喜欢了
响应速度：很快，好用",预售V98Pro Box冰淇淋轴Pro 黑加仑
1,"买的第四个键盘，颜值方面挺满意的。
操作难度：很流畅
舒适度：很舒服
耐用度：刚开始用，还在观察",预售V98Pro Box冰淇淋轴Pro努巴尼源限定
2,键盘真的是很不错很不错 这个价位段哪怕是六百以上价位段也是非常好的选择 轴体素质非常高 键盘填充的也非常厚实 手感很不错 灯光亮度适中 续航还没测不过应该非常顶 键盘做工也很可以 键帽质量一般过得去总之这个价位段因该没有能超过的了,预售V98Pro Box冰淇淋轴Pro努巴尼源限定
3,"这个键盘手感真的超级棒，比之前买的键盘声音安静很多，店家很贴心的出厂给空格键反装了一下，还送了一个空格替换键，换上去很好看
外观颜值：海盐冰淇淋的配色很好看",预售V98Pro Box冰淇淋轴Pro 海盐
4,"终于拿到预售的键盘了，非常喜欢，声音也很好听。会推荐给朋友并回购的哈哈哈哈。
外观颜值：很棒
操作难度：简单
耐用度：很棒
舒适度：非常舒适",预售V98Pro Box冰淇淋轴Pro努巴尼源限定
5,收到使用了半个月，键盘很不错。打字：特别舒服好用。舒适度:键盘润滑很舒服，很好用。操作难度:键程短，反馈快，打字声音小。外观颜值:海盐蓝紫配色，小清新，非常好看。rgb灯光很好看。响应速度:反应很快，2.4g与有线反应速度差不多，用起来很顺手。下载驱动后解锁了更多玩法，体验很好。,预售V98Pro Box冰淇淋轴Pro 海盐
6,海盐配色很好看特别小清新，实物看起来比照片有质感很多很多。冰淇淋pro轴不用说了，非常顺滑，声音好听，在办公室用也不会吵到别人。很喜欢！,预售V98Pro Box冰淇淋轴Pro 海盐
7,2022卷王终于收到啦，399这个配置简直拉满，对比了迈从，冰激凌不多说了，顺滑度比灰木强太多了，大键也妥妥的第一梯队，需要搭配手托使用，高度刚刚合适，灯光确实暗，关灯下效果刚好，没啥光污染，开灯的话基本不可见?不过我平时也补开光，大家赶紧下单备年货啦！,预售V98Pro Box冰淇淋轴Pro 黑加仑
8,"舒适度：到手可用，明显比我买的上一款便宜键盘好用
操作难度：易上手好操作
外观颜值：非常好看，很喜欢
响应速度：响应灵敏，回弹有力
耐用度：耐用度还需要以后更多使用",预售V98Pro Box冰淇淋轴Pro 海盐
9,"耐用度：蓝牙，2.4g的回报率很好
舒适度：键帽的材质，高度，使用起来都是很舒适的，轴体的回弹性也很好，大键调教的很好，有出厂润滑
外观颜值：颜值在线，整体做工满满的心意，就是键盘的拆卸有点困难",预售V98Pro Box冰淇淋轴Pro 海盐
10,"虽然等了半个月，但是到手后很满意，这个确实性价比是最高的一款键盘了，第一次买这么贵的，没有翻车很开心。键盘声音很稳定，没有杂音，键盘颜值也高，海盐冰淇淋真好看，手感也很不错
外观颜值：很好看
响应速度：没有感觉到位延迟，我连了无线，还给平板连了蓝牙，切换很快
唯一不足可能是三模切换键不够灵活",预售V98Pro Box冰淇淋轴Pro 海盐
1,好用！键盘润滑很舒服，很好用，键程短，反应快，声音小。人体工学设计，打字不累外观，黑加仑配色，沉稳，非常好看！rgb灯光很好看，可以自定义！反应很快，2.4g与有线反应速度差不多，用起来很顺手！！！强烈推荐！！,预售V98Pro Box冰淇淋轴Pro 黑加仑
2,"舒适度：非常棒！键帽高度舒适，打字很流畅
外观颜值：很好康，白色的底搭配什么键帽都不错
耐用度：很有分量，质感很好，几乎没什么瑕疵",预售V98Pro Box冰淇淋轴Pro 海盐
3,键盘手感很好，声音很一致，小瑕疵虽然也有，比如品控方面，不过性价比还可以，值得购买。空格键的调教还有进步空间。灯光可能是因为键帽不透光的原因比较暗，很适合办公使用，不打扰到别人，声音也不吵。整体来说很满意?，还是可以的，打字速度飞快。,预售V98Pro 蒸汽波轴Pro 海盐
4,"舒适度：大键声音也挺好听
外观颜值：黑加仑颜值也很满意
响应速度：蓝牙和无线连接速度也很快 没有延迟
灯光也有很多种，也可以自定义 基本满足所有需求",预售V98Pro Box冰淇淋轴Pro 黑加仑
5,键盘虽然等了好多天，但是收到以后还是很香的。pbt键帽手感很舒服，键帽颜色实际上手要比图片里的好看。蒸汽波轴用了一下，感觉有点像金粉轴的感觉，很适合办公码字，整体非常满意，颜值很高。,预售V98Pro 蒸汽波轴Pro 海盐
6,等待确实是值得的，键盘手感非常不错，做工也没遇到什么问题，3模都正常链接，键盘搭配也不错，无线接收器的位置也很讨巧，航插质量尚可，整体来说非常满意,预售V98Pro Box冰淇淋轴Pro 海盐
7,"总体来说手感很不错，反应也快，蓝牙连接没有延迟大键声音也不错，厚实，键盘有重量。
耐用度：非常好用
舒适度：敲起来声音很脆
操作难度：舒服好看，自重有点重，稳
外观颜值：好看啊
响应速度：反应很快的，309价位这个键盘，可冲！",预售V98Pro 蒸汽波轴Pro 海盐
8,刚到手。很好看，有分量！挺好的，声音我很喜欢，配色也很不错，希望后续没有问题，好评，希望用久点！挺好看的，快递也很快！不错。 有问题追评,预定V98Pro Box冰淇淋轴Pro努巴尼源限定
9,时隔二十多天终于等到了，索性没有让人失望。键帽的手感非常棒，轴体的声音和手感很舒服很丝滑，大件调教很好，卫星轴手感基本一致，还配了一个防尘罩，总之是非常满意的，唯一的不足就是实在等太久了，不过好在对得起等待。,预售V98Pro 蒸汽波轴Pro 海盐
10,"耐用度：非常好 舒适度:键盘润滑很舒服，很好用
舒适度： 键程短，反馈快，打字声音小。人体工学设计，打字不累
外观颜值：样子没的说，一眼看中。
rgb灯光很好看响应速度:反应很快，2.4g与有线反应速度差不多，用起来很顺手 预售赠了个空格键帽，还有3个轴，一个拆卸器 还有一根type-c usb的数据线",预售V98Pro Box冰淇淋轴Pro 海盐
